host,count,total_submissions,average_submissions_per_jam
cut garnet games,6,773,128.83333333333334
extra credits,5,1287,257.4
game maker's toolkit,3,4374,1458.0
unrealengine,6,1039,173.16666666666666
blackthornprod games,3,1542,514.0
home for black sheep,2,377,188.5
mix and jam,1,192,192.0
retroshark,3,592,197.33333333333334
ndufer,2,517,258.5
jakedegica24,1,300,300.0
nicob,1,300,300.0
stoic,2,517,258.5
degigun,2,517,258.5
archeia,2,517,258.5
nick_degica,2,517,258.5
veneziowl,2,517,258.5
codemyst,3,1528,509.3333333333333
github,2,519,259.5
lee reilly,2,519,259.5
metc,1,729,729.0
water flare,3,147,49.0
weekly game jam,111,2184,19.675675675675677
pouleyketchoup,110,2164,19.672727272727272
nekomatata,92,1786,19.41304347826087
barsk,2,27,13.5
cowcat,1,19,19.0
indienomicon,2,41,20.5
computer_fox,1,7,7.0
phillammon,2,20,10.0
haploid7,14,110,7.857142857142857
lexloco,37,114,3.081081081081081
thedrdevin,26,73,2.8076923076923075
odd weekend game jam,16,63,3.9375
lusterly,2,23,11.5
vr austin,2,23,11.5
krischan,1,6,6.0
josie,1,6,6.0
geta,8,148,18.5
great dash,1,14,14.0
romsteady,4,37,9.25
damv,9,53,5.888888888888889
scorespace,5,72,14.4
paul,3,10,3.3333333333333335
aestuo games,2,9,4.5
justkay,17,28,1.6470588235294117
toiletsnakes,9,19,2.111111111111111
kitkatarine,6,13,2.1666666666666665
stealthix,8,18,2.25
chrysoula tzavelas,1,2,2.0
shoker,1,2,2.0
galway game jam,9,62,6.888888888888889
darren k,8,47,5.875
jestercraft,2,10,5.0
evan holmes,1,1,1.0
surue,1,14,14.0
piller.yann,1,14,14.0
gdvaud,1,14,14.0
kriegalex,1,14,14.0
exqueeze-me,1,3,3.0
jason alan dewey,1,1,1.0
angrydinosaur,2,2,1.0
festival stunfest,4,9,2.25
indie collective,4,9,2.25
babykangar00,2,2,1.0
phillygamemechanics,9,38,4.222222222222222
jakeo,2,9,4.5
riktothepast,5,24,4.8
sqrbox,3,13,4.333333333333333
alhvi,6,30,5.0
hernikplays,1,1,1.0
g33x,1,0,0.0
hitbox makers,3,9,3.0
ratstail91,1,1,1.0
aidan buffum,1,1,1.0
donkeyhead7,1,1,1.0
jams.center,1,1,1.0
bloods the creator,2,2,1.0
vigild,4,11,2.75
strasbourg fantastic film,1,1,1.0
xaeman games,1,1,1.0
baronpumpking,1,1,1.0
pablo monfort,1,1,1.0
ben@devnull,1,1,1.0
pinguinoconpulgares,1,1,1.0
arman,2,3,1.5
smedis2,1,1,1.0
scott doxey,2,5,2.5
giantrobotbee,1,1,1.0
thecreeper0,1,1,1.0
tulas.xyz,1,1,1.0
shevchgames,1,1,1.0
levi d. smith,1,1,1.0
thomas o'connell,1,1,1.0
game portal....,1,1,1.0
kreibich,4,8,2.0
astucia,8,26,3.25
jacinto quesnel,4,27,6.75
bahamoot,1,1,1.0
slicknickp,1,1,1.0
navybratcat,1,1,1.0
batchmaster,2,4,2.0
astronaronic,4,7,1.75
atmfd,1,1,1.0
citymayor games,1,1,1.0
tigerrenko,1,1,1.0
googleygames,2,5,2.5
sungkukshawnpark,5,6,1.2
wheaton high school vmc,6,12,2.0
zumbigordo,10,55,5.5
mythalore,1,1,1.0
mateus prates simões,1,1,1.0
norburyw,1,1,1.0
divitos,3,13,4.333333333333333
coxyworthy,1,11,11.0
doctor julian sesame,1,1,1.0
brephenson,2,8,4.0
mindx - technology & startup school,1,6,6.0
nibb13,1,1,1.0
nikolyst,2,7,3.5
oddpotatogift,1,1,1.0
jóhannes g. þorsteinsson,4,16,4.0
kollafoss game farm,4,19,4.75
the weekly arcade,1,2,2.0
meowingcats,1,1,1.0
droqen,2,28,14.0
distorted,1,1,1.0
johnnyvancer,1,1,1.0
alsta soft,1,1,1.0
tomahawk ppc,1,2,2.0
jake crabtree,2,23,11.5
indiealchemist,1,2,2.0
searift,1,1,1.0
fmproductions,1,2,2.0
mw5146,1,1,1.0
zenethgamemaker106,5,10,2.0
sigrid.d,4,8,2.0
j3x,1,1,1.0
game dev mcgill,9,66,7.333333333333333
yukon w.,11,143,13.0
enderlord101,1,2,2.0
{pascal},8,18,2.25
ems43,2,5,2.5
andrelisboa1,4,9,2.25
hero snowman,1,1,1.0
university of calgary game design club,1,1,1.0
alex carlson,1,1,1.0
juna8001,1,1,1.0
frontin ludens,4,34,8.5
notjared,1,1,1.0
catoner,2,2,1.0
ind13 game developer magazine,1,0,0.0
parkourguy,1,2,2.0
sni,1,7,7.0
hannahwebb42,1,2,2.0
neophos,1,2,2.0
piputi,1,1,1.0
pedropetalite,1,1,1.0
darezar of eledris,14,31,2.2142857142857144
yetworkstudios,1,1,1.0
kelpdance,2,4,2.0
brureale,1,2,2.0
sarofer zertaga,2,6,3.0
deadinside,1,4,4.0
"daniel ""sombrero"" lawson",1,4,4.0
mccrafter1212,1,1,1.0
pdgamejam,3,7,2.3333333333333335
happyhavok,1,1,1.0
presidentafk,1,1,1.0
boss studios,1,1,1.0
shainasenpaii,1,1,1.0
ripplepoint,1,2,2.0
john retroreloader @ return learn games,1,2,2.0
meschdog171,1,1,1.0
la_belle_games,1,2,2.0
putex,1,1,1.0
parityb1t,1,2,2.0
prettycoolguy,1,3,3.0
gabriel naves,1,2,2.0
lefane,1,2,2.0
dmdemoura,3,12,4.0
fanttum,2,2,1.0
paper and games,1,1,1.0
hittiebelle,1,1,1.0
rd124p77,1,2,2.0
whereskunaldo,4,59,14.75
the guild of independent game developers,4,17,4.25
toadheart,1,1,1.0
mrtek,1,1,1.0
nicoli,5,16,3.2
ddmplayer,1,1,1.0
way2smart,2,6,3.0
iwantmyrevolver,1,1,1.0
cloudmcfox117,1,1,1.0
recostudio,2,2,1.0
ambercoal,1,2,2.0
indietimsharp,1,0,0.0
greyt games,1,1,1.0
stonestoryrpg,1,5,5.0
standardcombo,1,5,5.0
caillef,1,2,2.0
diverman gecko,1,2,2.0
castesoftworks,1,1,1.0
codexing,2,2,1.0
jajav33,8,24,3.0
nighteye424,2,1,0.5
scorpio,1,1,1.0
isolation media,1,2,2.0
sygmei,1,2,2.0
maximum game studios,1,1,1.0
abnersantos,3,12,4.0
ccdjuegos,10,46,4.6
ripityom,4,10,2.5
lunarcore games,1,1,1.0
headchant,1,2,2.0
ultimateteam,1,3,3.0
quet,1,3,3.0
pumpenkarl,5,28,5.6
leonardo fiorini,1,1,1.0
sep333,2,6,3.0
artyomisflash,1,1,1.0
gameimpact,4,12,3.0
jennibee,1,2,2.0
unique-un-original,1,1,1.0
xenotrope games,1,2,2.0
kraapz,1,1,1.0
botvladimir,1,2,2.0
tedcombobulate,3,5,1.6666666666666667
speedrider,1,1,1.0
bloobchube,1,1,1.0
miapata,1,3,3.0
kerneltt,2,6,3.0
mintycms,1,1,1.0
csufvgdc,4,14,3.5
centuria game dev,6,10,1.6666666666666667
wyzro,1,1,1.0
amine.rambo,1,1,1.0
gdgsxb,1,3,3.0
pencygmd,1,1,1.0
harry,2,6,3.0
trios,1,0,0.0
peppermint games,1,2,2.0
knives,6,8,1.3333333333333333
rachel kaye,3,50,16.666666666666668
lucasrab,1,1,1.0
pypranav,1,2,2.0
justanotherstudio,2,5,2.5
jammymonkey,1,1,1.0
le von,1,1,1.0
cedric-cf,1,0,0.0
jestyjam,1,3,3.0
cevikarda,1,3,3.0
yildirimcagdas,1,3,3.0
maven youth,1,3,3.0
jtsenneker,1,1,1.0
realnerdgamer,1,1,1.0
kenosanpablo,1,3,3.0
maowcraft,1,2,2.0
aula arcade,2,7,3.5
grailas,1,3,3.0
thecrafters001,3,5,1.6666666666666667
homa games,4,23,5.75
fuzzyundies,1,2,2.0
gamejam4weekend,9,23,2.5555555555555554
ilia_kole,1,2,2.0
davidobot,1,3,3.0
lolawl2,1,2,2.0
tofutart,4,21,5.25
jonesthehybrid,1,1,1.0
ut game dev,1,1,1.0
gameaweek,4,5,1.25
zaktius,1,3,3.0
datguyseathus,1,3,3.0
t嘎,1,1,1.0
zolaire,1,1,1.0
rpi game dev club,4,22,5.5
mithun,1,2,2.0
bossmann,1,1,1.0
jumpier games,2,2,1.0
calixjumio,2,4,2.0
theobit,1,1,1.0
piratescarfy,1,3,3.0
irina ilie,2,6,3.0
monkna,1,1,1.0
kotek900,5,6,1.2
sebasoft!,1,4,4.0
spritewrench,2,3,1.5
balloon co. [gaming division],1,2,2.0
hectate,1,4,4.0
aie seattle,8,57,7.125
terrehbyte,3,19,6.333333333333333
women game jam latam,2,48,24.0
brofessional,1,1,1.0
gacucon,1,1,1.0
frostysnoman,1,1,1.0
fiv gamedev,1,1,1.0
talha kaya,4,42,10.5
finnish game jam,8,57,7.125
hawksandwich,1,1,1.0
slam,1,1,1.0
antraptor,1,1,1.0
legallordlolicon,1,1,1.0
subliminalman,4,37,9.25
chiknico,1,0,0.0
jramell,2,13,6.5
robinb,1,0,0.0
csdnerd,1,2,2.0
strangebroadcasts,1,1,1.0
avaugoux,10,82,8.2
leafo,2,15,7.5
camden,2,8,4.0
uob games dev. soc.,3,12,4.0
norad,1,2,2.0
mysterarts,1,2,2.0
thegreatwhitebeaver,2,2,1.0
b0undarybreaker,1,2,2.0
9tictac,1,1,1.0
android222,1,3,3.0
chris wade,1,3,3.0
kaza2929,2,21,10.5
aev madrid,2,25,12.5
mrscottypieey,2,8,4.0
themadpigster,15,38,2.533333333333333
onegamedad,4,20,5.0
boykala,1,1,1.0
mattmacob,1,1,1.0
jorgeliut,2,5,2.5
trentadamsvp,2,2,1.0
gamedevmotivation,3,5,1.6666666666666667
at37,4,22,5.5
carson k.,1,2,2.0
superuser,2,13,6.5
spectralstar,2,11,5.5
zzverot,1,1,1.0
robin moretti,1,4,4.0
crova,1,0,0.0
salvatoregames,2,3,1.5
korzkorzanowski,1,4,4.0
sirkrow,1,1,1.0
eflake,1,1,1.0
ray nexus,5,85,17.0
unitytreenit,1,2,2.0
singularity3,1,2,2.0
vawlpe,1,2,2.0
louisvillemakesgames,4,17,4.25
djgaven588,1,0,0.0
bee,1,1,1.0
sophie houlden,8,221,27.625
rijv,4,32,8.0
lord pillows,4,6,1.5
nathanmcclain,3,37,12.333333333333334
bpriddle,1,3,3.0
jjb gaming,1,2,2.0
falax,1,2,2.0
rubereaglenest,8,92,11.5
joshg,7,56,8.0
elisée,1,4,4.0
rdmguy,1,1,1.0
toca boca,1,1,1.0
4aiman,1,1,1.0
0xdbeef,1,1,1.0
adyn calix,2,25,12.5
b0n3h3ad,1,1,1.0
gabsmontemor,1,4,4.0
lukesilva,1,3,3.0
zimura,2,3,1.5
juanthegamedeveloper,1,1,1.0
minemaster552,1,2,2.0
bigbass,2,6,3.0
rocknightstudios,40,254,6.35
eugene public library,1,2,2.0
flusk,1,4,4.0
andrea hayes,1,4,4.0
samuel,1,1,1.0
ham,10,45,4.5
hyacinth nil,1,2,2.0
game developers @ unc charlotte,2,13,6.5
datnerd,2,4,2.0
gamejammallorca,1,3,3.0
kyl3,1,3,3.0
bitgem 3d,3,12,4.0
mymonsterdk,1,1,1.0
trialblazer,2,5,2.5
trentgamedevclub,1,5,5.0
hyperscope,6,51,8.5
unlikeplatypus,1,1,1.0
luc1phar7,1,1,1.0
george v. landon,2,9,4.5
lacey_lansaw,1,2,2.0
hexachlorophene,1,2,2.0
dcsquared,1,2,2.0
mikianthony,1,6,6.0
simon stålhandske,1,6,6.0
pi groom games,1,4,4.0
feldo,6,103,17.166666666666668
thewanderingben,1,4,4.0
elrathor,1,2,2.0
make play code,1,1,1.0
gamejamfrancophone,8,55,6.875
gunfire,2,11,5.5
dodger399,1,2,2.0
jamsnack,2,1,0.5
auroragdc,3,17,5.666666666666667
dorgam,1,5,5.0
whykay,6,27,4.5
firewatersun,1,5,5.0
thoi,2,9,4.5
trky,1,1,1.0
dexterdeluxe,1,4,4.0
pumpkin clowning,4,37,9.25
eruon,1,1,1.0
falia18,1,1,1.0
arcus,1,1,1.0
daniel michaeloudis,1,1,1.0
wizrares,1,4,4.0
devhr,1,0,0.0
tyler holloway,1,1,1.0
oneboredboi,1,1,1.0
danilo filitto,1,1,1.0
snowdrama,5,22,4.4
seasonedsandwich,4,10,2.5
pix,1,2,2.0
humb1t,2,3,1.5
retrocade media,4,13,3.25
phoenixperry,1,2,2.0
rostigerloeffel,2,4,2.0
jamalam.360,1,1,1.0
nordicfrench,2,4,2.0
enter entertainment,3,6,2.0
nerdthings,1,1,1.0
bay area womxn in games,1,1,1.0
alannakelly,1,3,3.0
brodie mongon,1,0,0.0
tyler waterhouse,1,1,1.0
vidsneezes,6,28,4.666666666666667
laaph,1,1,1.0
scotty42,4,21,5.25
marco marmolejos,2,9,4.5
arcadia horizon,1,5,5.0
gamecrush,1,1,1.0
pixelart games academy,1,1,1.0
shinji r. yamane,3,15,5.0
cagd,2,8,4.0
elenacloud,1,3,3.0
bournemouth libraries,1,1,1.0
jeffeezeyt [dillion],1,2,2.0
nunuvin,3,11,3.6666666666666665
standoffsoftware,5,73,14.6
doubleblack studios,1,1,1.0
sketche99,2,9,4.5
randoyes,1,2,2.0
koladz,2,5,2.5
vikhik,2,10,5.0
nosferatchew,1,4,4.0
seapeame,1,3,3.0
plutohimself,1,10,10.0
licornus93,1,4,4.0
yann roirand,1,4,4.0
melowicyan,1,4,4.0
moon light games,3,8,2.6666666666666665
gentrygaming,1,2,2.0
lildeer,1,3,3.0
esp,1,2,2.0
trinketd,1,2,2.0
thomas shelby,1,2,2.0
qwop bear,2,17,8.5
juegos indies,3,8,2.6666666666666665
aviv,1,2,2.0
scroobie,1,1,1.0
mbouchonnet,1,2,2.0
sae brisbane games,4,29,7.25
sangjun,1,0,0.0
murmura,1,3,3.0
gamesoul games,1,4,4.0
doragon games,3,17,5.666666666666667
gabedoop,1,2,2.0
angel's_gaming studio,1,2,2.0
eric tang,1,5,5.0
barrythebrewster,1,5,5.0
zellqt,1,5,5.0
backbox publisher,1,4,4.0
harsh raj singhania,1,1,1.0
visualgames,3,6,2.0
danieldan0,1,1,1.0
drmanticore,1,2,2.0
all the bees,1,2,2.0
paulo roberto,1,2,2.0
bretmeasor,1,6,6.0
darkskys,1,1,1.0
emberstorm,1,3,3.0
colbp,1,3,3.0
mega,1,4,4.0
x20000,1,10,10.0
ambientocclusion,3,31,10.333333333333334
arandomguy,1,4,4.0
mudlee,1,2,2.0
lucalegaldomal,1,1,1.0
silver key games,1,6,6.0
dust_scratch_games,1,6,6.0
vivee,1,1,1.0
igda chicago,2,8,4.0
dungeon,1,3,3.0
lonewolfandprogrammer,1,5,5.0
stgj blayke,6,19,3.1666666666666665
adevi,1,6,6.0
games for the many,1,5,5.0
seperto,1,2,2.0
stelioswinters,7,35,5.0
gedig,2,3,1.5
brandon d,1,1,1.0
blumstengel,1,1,1.0
jarryd worland,1,5,5.0
cugamedev,1,4,4.0
vladisaman,1,1,1.0
composer quest,1,5,5.0
rekuza studio,1,2,2.0
lin the shark,1,1,1.0
rezult studios,3,13,4.333333333333333
crybabytif,1,1,1.0
un_rieur,1,3,3.0
gunshotgaming 2,1,1,1.0
soi,1,5,5.0
evnh,2,14,7.0
jaffar salih,2,14,7.0
samanta miszkiel,2,14,7.0
kaifu,2,55,27.5
mr turtle,1,1,1.0
benelson,1,2,2.0
seansmith,1,1,1.0
germinadora de ideas,5,42,8.4
@dottora astrorologa,6,52,8.666666666666666
nyavix,1,3,3.0
dto,4,29,7.25
mfiano,6,70,11.666666666666666
elgabe,2,6,3.0
sebastian scaini,3,24,8.0
hunter parcells,1,1,1.0
dan player mckinnon,2,4,2.0
ian maclarty,1,2,2.0
mrchickenthebest,3,7,2.3333333333333335
excalibur02,1,1,1.0
macewan game development club,1,3,3.0
tgyjugando,2,8,4.0
incertusdei,1,3,3.0
idriseffect,1,2,2.0
pin,1,1,1.0
cel c.,1,1,1.0
cam,1,1,1.0
dud3rdude,2,3,1.5
maroderkon,2,5,2.5
korze,1,1,1.0
glitch,1,1,1.0
redix,1,2,2.0
ticolol,2,17,8.5
esieajam,1,4,4.0
zwerruh,1,2,2.0
gamekiwi,1,1,1.0
bountydev,2,6,3.0
jayscriptius,1,1,1.0
01010111,1,0,0.0
saemelbourne,1,5,5.0
stepha,1,3,3.0
jantuts,1,5,5.0
spacefaerie,1,4,4.0
catnipped,1,7,7.0
babblegumsam,1,7,7.0
alexbellunity,1,2,2.0
bcitgamedevclub,1,5,5.0
ant dpu,1,1,1.0
enibolas,1,4,4.0
cepedeglab,1,1,1.0
eriol fox,1,7,7.0
groupe féministe vidéoludique,1,2,2.0
athens ggda,5,42,8.4
nick splendorr,1,7,7.0
michael matthews,1,2,2.0
fabiano_smile,3,24,8.0
mentes en juegos,2,6,3.0
foobraco,3,16,5.333333333333333
eliasbw444,1,1,1.0
avery wagar,1,1,1.0
red_heector,1,1,1.0
clavosstudios,1,1,1.0
lab.artgame,1,1,1.0
gabriel toschi,1,1,1.0
alic szecsei,1,7,7.0
hekus,1,7,7.0
hekemp,1,7,7.0
jde,1,4,4.0
matthew r.f. balousek,3,12,4.0
"pigsty: play, interactivity & games lab",4,55,13.75
games maximum,1,1,1.0
spaghatto,1,2,2.0
virtual association,3,23,7.666666666666667
usernamenottaken1,1,3,3.0
hypnotic,1,1,1.0
natea6,1,1,1.0
vgda,3,24,8.0
toxic fuerer,3,10,3.3333333333333335
mafocore,1,3,3.0
salt,2,10,5.0
bepisdog,1,1,1.0
brokenverticie,1,2,2.0
guillaume levieux,3,29,9.666666666666666
a maze.,6,59,9.833333333333334
aledcompany,2,3,1.5
jaspounet,1,1,1.0
number6406,1,1,1.0
deakcor,2,3,1.5
garzec,7,27,3.857142857142857
openfun,1,1,1.0
madiber,1,1,1.0
skidmore game labs,1,2,2.0
gamejambattle,2,10,5.0
buffalo game space,5,37,7.4
cld,1,3,3.0
djpooppants,1,3,3.0
hangongetready,1,3,3.0
markzorn,1,3,3.0
futch,1,3,3.0
un bot pourrait faire ça,2,7,3.5
jokh,1,1,1.0
autofire,1,4,4.0
skyrex12,1,2,2.0
sav emmett wolfe,1,2,2.0
mark wonnacott,1,1,1.0
shadowmitia,1,8,8.0
jeanvencic,1,8,8.0
eggdestroyer,1,8,8.0
pixel lifetime,5,16,3.2
fellowship of the game,7,64,9.142857142857142
brokenmangames,1,1,1.0
tiki720,1,1,1.0
loveship hypernova,4,21,5.25
dbr,1,3,3.0
game students collective,1,4,4.0
kittyofwest,1,2,2.0
loopdevusp,1,5,5.0
cowboy8625,5,58,11.6
hcg,1,3,3.0
mbg,2,3,1.5
m0de,7,26,3.7142857142857144
tdelarosa723,10,61,6.1
corey himself,1,2,2.0
andredeveloper,1,1,1.0
quirby64,1,3,3.0
igdafortaleza,1,8,8.0
svga dev,1,9,9.0
galacticglum,1,1,1.0
thegoldenminion studios,1,3,3.0
antithèse,1,3,3.0
camelcaseco,1,1,1.0
cicada carpenter,1,3,3.0
kae,1,6,6.0
cmll,1,6,6.0
firebreath,1,2,2.0
moosader,1,0,0.0
klujam,2,16,8.0
dermotte,2,16,8.0
vazor,1,3,3.0
dusty tome,1,9,9.0
claire morley,3,22,7.333333333333333
tiny worlds,1,4,4.0
dragex,1,4,4.0
bluzi,5,16,3.2
the code team,1,1,1.0
creativecomputing,1,4,4.0
thelazeus,1,1,1.0
mischa,1,1,1.0
nonamefornowsoft,1,2,2.0
dirty rectangles,1,7,7.0
liam sauvé,6,31,5.166666666666667
studionamehere,1,6,6.0
ivan-tigan,1,8,8.0
wolfcartel,1,4,4.0
games design southport college,1,4,4.0
andrés,1,4,4.0
dani,2,1043,521.5
karehb,1,4,4.0
leoninomalino,1,4,4.0
night's poly games,1,2,2.0
fover,1,1,1.0
jess gates,2,8,4.0
henf25,1,3,3.0
cubierto,1,1,1.0
balintmark,1,6,6.0
jummit,1,2,2.0
oneiricjam,2,33,16.5
pixelherodev,2,15,7.5
cdgammons2731,1,3,3.0
afterhoursgamedev,1,2,2.0
r84728,1,4,4.0
artisiole,1,1,1.0
method,1,8,8.0
vylkrom,1,8,8.0
jackdawfactories,4,25,6.25
ibwwg,1,3,3.0
harry prebble,3,18,6.0
phill shaw,1,3,3.0
sam pickard,1,3,3.0
liv jeremiah,3,18,6.0
againstren,1,2,2.0
squid inc. productions,1,1,1.0
lockyreid,1,6,6.0
jaslanflorencio,1,3,3.0
avelinex,1,3,3.0
delthor games,3,7,2.3333333333333335
josephgreaney,1,6,6.0
fyfyone,1,1,1.0
lunawitcher,2,4,2.0
lucamyriad,2,14,7.0
deltadaedalus,1,1,1.0
supercsgo,1,5,5.0
adrianrivero,7,75,10.714285714285714
youalreadywon,1,5,5.0
gurgie,1,3,3.0
vasrek,1,2,2.0
daniel dormin,1,1,1.0
amstudio,1,5,5.0
eatskolnikov,1,6,6.0
secret hearth,1,2,2.0
etpa,1,6,6.0
villagebear,2,12,6.0
duckytape,3,33,11.0
two scoop games,1,10,10.0
jonathan giroux (koltes),30,194,6.466666666666667
firegen,1,1,1.0
maschi,1,4,4.0
egx game jam,1,7,7.0
ghost creative studio,1,7,7.0
in.game,1,6,6.0
a32rock,1,2,2.0
anseaman,1,2,2.0
unoion,1,2,2.0
planetfish,1,5,5.0
red scythe,1,2,2.0
mind cauldron,1,2,2.0
waverth,1,2,2.0
πthon,3,22,7.333333333333333
veunen,1,1,1.0
masa045japan,1,5,5.0
create jam,1,9,9.0
atomingames,1,11,11.0
ff,1,8,8.0
adam bredenberg,1,3,3.0
jmas,12,173,14.416666666666666
badsoysauce,1,1,1.0
rexyislive,1,2,2.0
thedarkryze,1,3,3.0
alex zandra,8,250,31.25
ieu game lab,1,3,3.0
89o,4,16,4.0
aless,1,6,6.0
avi90,1,9,9.0
cccalphalab,1,3,3.0
themicrocheeze,1,1,1.0
fring frang,2,22,11.0
darksylvok,1,2,2.0
luna & beyond,1,5,5.0
arcaid,1,5,5.0
overloadedstudios,1,5,5.0
dhallia,1,5,5.0
gaben's stuff,1,5,5.0
gco_sdsu,4,26,6.5
guinunez,2,14,7.0
kzjackson1,1,3,3.0
super8bitrafa,1,4,4.0
jashinya,2,24,12.0
pi_pi3,1,2,2.0
wunderwaffe,1,4,4.0
ict game jam,6,69,11.5
thinkontheedge,2,25,12.5
brianisbrilliant,5,59,11.8
ilovetojam,2,6,3.0
i-feel,1,5,5.0
fen slattery,1,1,1.0
turnovus,2,3,1.5
aleiparraguirre,1,6,6.0
gamepreie,1,1,1.0
satvik,1,4,4.0
femicom museum,4,42,10.5
melanie stork,1,2,2.0
paranormal studios,2,5,2.5
darangor,1,3,3.0
flavorful,1,7,7.0
reibeatall,1,0,0.0
piolhodecobra,3,16,5.333333333333333
gamepopper,1,1,1.0
uvgd,1,4,4.0
rocgamedev,1,5,5.0
underground arcade,1,6,6.0
whatnot,1,4,4.0
dr. wasabi,2,6,3.0
assimby,1,4,4.0
qazitv,6,116,19.333333333333332
dcatyt,1,1,1.0
icymice,1,2,2.0
pr0te,1,2,2.0
enargy,2,10,5.0
designandgamejam,1,6,6.0
joeyprink,1,9,9.0
عبد الحميد أبو زعنونه,1,4,4.0
rabea,1,4,4.0
3 blade games,1,3,3.0
tigerdev,3,15,5.0
nextstep,1,2,2.0
abertaygds,2,27,13.5
mrquickgame,6,60,10.0
concordia game development,2,21,10.5
squale,4,32,8.0
lbennett,1,1,1.0
vortex game studios,2,16,8.0
cjl,1,2,2.0
mystery man,1,2,2.0
neuro,1,7,7.0
uah games,1,6,6.0
maayan,1,2,2.0
a. fell,1,2,2.0
june,1,7,7.0
alamantus gamedev,2,15,7.5
jam nation,7,92,13.142857142857142
onionmilk,1,9,9.0
oxyoxspring,2,14,7.0
1gamgalway,1,9,9.0
chillex,1,6,6.0
pax,1,6,6.0
fylmidei,1,6,6.0
shmackson,1,1,1.0
"it's ya boi, makara.",1,5,5.0
bilgigame,4,26,6.5
owocean,2,6,3.0
itheredi,1,3,3.0
madison scott-clary,1,3,3.0
jack burleigh,1,8,8.0
goethe-institut johannesburg gamebox,1,6,6.0
line of life games,1,1,1.0
direct games,1,1,1.0
turtle95,2,2,1.0
voxel collective,3,22,7.333333333333333
isuru edirisinghe,1,9,9.0
minh thanh(wimpycat),1,1,1.0
just_damian,1,1,1.0
collin johnson,1,5,5.0
linnu,3,10,3.3333333333333335
sos,1,10,10.0
_discovery,3,226,75.33333333333333
worzalla,1,4,4.0
rosequartzklein,1,4,4.0
kieranmc,1,2,2.0
henriette,1,6,6.0
zachary danz,2,6,3.0
waltzing.3datax,2,7,3.5
generaljman,1,1,1.0
a_personlol,1,1,1.0
paier,1,5,5.0
cluck,1,5,5.0
red iron games,4,21,5.25
brastin,1,5,5.0
candy✩giants,4,20,5.0
mbg180,2,6,3.0
greg klein,1,1,1.0
angrybird545,2,43,21.5
jimmunroe,1,1,1.0
lunate,1,1,1.0
jogos digitais vasco coutinho,2,18,9.0
jofers games,1,2,2.0
howilearnedcode,1,1,1.0
marmaladenation,2,16,8.0
robot face,1,4,4.0
tapstudios,1,4,4.0
tdmcgee,1,4,4.0
carlos lopez (simurg),1,5,5.0
marlizeth,1,5,5.0
hk1,1,1,1.0
youreverydayboi,1,3,3.0
cptkocmoc,1,10,10.0
mrmmatricks,1,10,10.0
indeterminatus,1,10,10.0
baioc,2,9,4.5
wideopengames,2,9,4.5
yagich,6,38,6.333333333333333
orion studios,1,2,2.0
tomakisz,2,17,8.5
himmelattack,2,23,11.5
daniel savage,1,1,1.0
muramasa,1,4,4.0
lostpenguin,4,21,5.25
post grind jam,4,21,5.25
jdphoenixproductions,1,2,2.0
armaldio,1,2,2.0
edgar j.,2,15,7.5
alexkuenka,1,3,3.0
marcus sanatan,1,3,3.0
pickeringpubliclibrary,1,7,7.0
rankone,1,2,2.0
omar leonardo pino reyes,1,9,9.0
brainy,1,11,11.0
thoughtquake,1,4,4.0
melty donut,1,3,3.0
minialfa,1,1,1.0
matheuscunegato,1,4,4.0
pulse college,1,2,2.0
shree56,4,19,4.75
devssupergeeksvm,1,9,9.0
tecksup,1,3,3.0
riotaortiz,2,15,7.5
timrodz,2,15,7.5
jelly trip games,1,3,3.0
dan cox,1,5,5.0
olstar,1,4,4.0
planetkiller,1,4,4.0
brantford games network,1,3,3.0
therevenger1,1,2,2.0
ice cream studios,1,3,3.0
chewbatrij,5,124,24.8
symphonicpink,1,3,3.0
andrey kuzmin,3,13,4.333333333333333
sam gwilym,3,13,4.333333333333333
mattabulous,1,2,2.0
nucky_bad,2,4,2.0
vidmaje,1,6,6.0
docvonw,2,15,7.5
code,2,30,15.0
p1x,3,19,6.333333333333333
ecdc,1,8,8.0
malagajam,1,11,11.0
zarkonnen,1,10,10.0
squidishhead,1,2,2.0
pelexboss,1,3,3.0
kurt potts,1,5,5.0
rubyknight,1,3,3.0
clockworkpi,3,37,12.333333333333334
maneivos,1,1,1.0
fatenplay,2,16,8.0
steven multiverse,1,2,2.0
gwen foster,1,8,8.0
legendiguess,1,7,7.0
mafalda claro,1,3,3.0
heidoji,2,5,2.5
littlebro,1,6,6.0
tartle games,4,23,5.75
tofu sheets visual,2,4,2.0
citybuilderstudios,2,20,10.0
catwheel,1,1,1.0
justin35f,1,11,11.0
shivers,1,11,11.0
shawn,1,11,11.0
game jam das minas,1,6,6.0
la belle,1,8,8.0
xifi,2,33,16.5
alipapapupu,1,6,6.0
xraiski,1,6,6.0
alxuh (alexa),1,6,6.0
dibuzapping,1,11,11.0
akien,4,174,43.5
gdp,1,10,10.0
gibjam,1,1,1.0
sirhatchling,1,1,1.0
joshfickes,1,8,8.0
midboss,1,9,9.0
andreadst,1,10,10.0
lucaslislo,1,2,2.0
potatoes are not explosive,2,18,9.0
gunnar clovis,2,1,0.5
whim independent studios,1,1,1.0
meg ziegler,2,39,19.5
stenoartico,1,3,3.0
winniethefacebank,1,3,3.0
halcome,1,3,3.0
thaisa,2,20,10.0
adam,1,5,5.0
potreik,1,5,5.0
xlindvain,1,5,5.0
jannek,1,2,2.0
robot loves kitty,1,5,5.0
nusgdg,2,24,12.0
laura del pino díaz,1,10,10.0
pebsie,1,12,12.0
tag_lab,4,42,10.5
thelordofthorns,1,2,2.0
kindred,1,6,6.0
polymoon games,1,5,5.0
rayncat,1,1,1.0
erstelgames,1,3,3.0
techdrone,1,1,1.0
kingofsushi,1,1,1.0
devrixiar,1,3,3.0
alsweigart,1,6,6.0
abandonedgaming,2,5,2.5
kamekfox,2,5,2.5
saikyun,3,24,8.0
greenstar studio,1,1,1.0
ul game development society,1,6,6.0
kittenoah,1,5,5.0
kivabay,1,1,1.0
marina díez,4,46,11.5
maschinen-mensch,3,33,11.0
bug game lab,4,64,16.0
ptbo game jam,1,9,9.0
squiggly river,1,5,5.0
usc mega,1,9,9.0
onyx_diangelo,1,1,1.0
san_tagoy,1,4,4.0
nachimir,1,9,9.0
613_buck,1,2,2.0
warkatz,1,1,1.0
soviet,1,2,2.0
spierek,2,26,13.0
video game development club at uc irvine,3,46,15.333333333333334
ben lusted,1,1,1.0
sefrojones,1,14,14.0
dev-u,2,8,4.0
efe alaçamlı,3,21,7.0
james longo,1,3,3.0
jaminthesandwich,1,2,2.0
ptmedia,1,10,10.0
semicode,2,19,9.5
tgruenwald,1,5,5.0
zodiacstories,1,2,2.0
ofihombre,1,7,7.0
gdd@berkeley,2,15,7.5
berkayartik,1,3,3.0
drbrick11,1,3,3.0
reginald.williams2696,1,0,0.0
「ｊａｙ」,1,0,0.0
lectronice,1,12,12.0
paperblurt,1,12,12.0
ali107,2,3,1.5
epistolaryrichard,1,12,12.0
tommyjollyboat,1,12,12.0
edjolly,1,12,12.0
polyvox,2,12,6.0
agds,1,7,7.0
wedenigc,2,17,8.5
blue,2,5,2.5
scientificgamejam,3,29,9.666666666666666
gefy,1,5,5.0
le temps,1,12,12.0
gametech_pens,1,12,12.0
eadventurous,1,2,2.0
wolfgame,3,20,6.666666666666667
manugamesdev,4,46,11.5
ayyad,1,3,3.0
zapdexio,1,5,5.0
c4ro,1,9,9.0
gamedevsquest,5,155,31.0
handscandance,2,23,11.5
etechstudios,1,5,5.0
gamedev knights,3,39,13.0
mymouse,1,2,2.0
charlielavin,1,2,2.0
ogre pixel,4,36,9.0
foshiagi,1,5,5.0
black dog serenade,2,13,6.5
adirosa,2,31,15.5
metal drat programing,1,3,3.0
pedro paiva,1,7,7.0
spacesharkstudios,4,38,9.5
virtuous games,2,20,10.0
picofoundry,1,1,1.0
mciric,4,18,4.5
schonstal,1,3,3.0
ministerjay,6,52,8.666666666666666
theunpropro,2,7,3.5
brupibo,1,4,4.0
sundae month,1,28,28.0
rat-like,1,3,3.0
krassenstein,11,144,13.090909090909092
flame,1,12,12.0
loficacti,1,7,7.0
epiclutesolo,1,1,1.0
jamgame,1,13,13.0
spicyhotsauce,1,4,4.0
harmlessgames,1,7,7.0
healthjam,1,1,1.0
wrench games,1,3,3.0
pedigree,1,5,5.0
corniflex,7,55,7.857142857142857
nickelodevingames,1,1,1.0
felegz,2,25,12.5
andrey viktorov,2,25,12.5
bmossgames,1,5,5.0
rlczyro,1,2,2.0
yellatch games,1,6,6.0
fenix,1,6,6.0
narto junior,1,6,6.0
lvl12,1,1,1.0
zook,1,12,12.0
jam cultura abierta,2,31,15.5
aiejam,1,4,4.0
breogán hackett,6,121,20.166666666666668
tedssword,1,1,1.0
steampunkprogrammer,2,16,8.0
frenchgamejam,7,37,5.285714285714286
third vision games,1,3,3.0
artenilson,1,1,1.0
br0xen,5,63,12.6
haruspexile,2,20,10.0
hitjim,4,49,12.25
chusday,3,37,12.333333333333334
ciro continisio,2,29,14.5
flaminia grimaldi,1,13,13.0
sprinttothetop,3,16,5.333333333333333
nebula z,1,4,4.0
hawkzombie,1,1,1.0
wazanator,3,19,6.333333333333333
onarru,3,19,6.333333333333333
stephen borden,1,6,6.0
zaneev10,1,6,6.0
girl geek academy,2,21,10.5
jitd,1,3,3.0
grandmaster101,1,4,4.0
csh1vg,1,2,2.0
zacitus,1,11,11.0
jumplion,1,11,11.0
jason imms,3,39,13.0
vanmani,1,13,13.0
littlegamedev,1,3,3.0
koni,1,3,3.0
todd mitchell,1,3,3.0
veld,1,3,3.0
brooklyn gamery,2,16,8.0
funnyguy77,1,4,4.0
disaldo,1,13,13.0
adrianblz,1,10,10.0
pastelle studios,1,1,1.0
ben chill,1,8,8.0
calculush,1,12,12.0
pajamallama0,1,3,3.0
tydoesstuff,1,1,1.0
utdsgda,1,11,11.0
knh190,1,4,4.0
glaucus,1,7,7.0
freezx,3,42,14.0
priestleycgd,1,5,5.0
mitchell,1,2,2.0
caelyn sandel,2,85,42.5
cynicalmonkey,2,17,8.5
envira,1,6,6.0
koukwst,1,6,6.0
orbi,1,4,4.0
ultimatejakonator,1,2,2.0
studiomilk,1,8,8.0
xifiggam,3,28,9.333333333333334
violentcrumble,22,320,14.545454545454545
less boring games,1,6,6.0
grakiao,1,6,6.0
yicodes,1,0,0.0
sergeeo,2,16,8.0
zalo,2,16,8.0
radgegames,1,2,2.0
nayn64,2,21,10.5
tcicerodev,1,8,8.0
xalavier nelson jr.,1,1,1.0
elliot_chester,1,1,1.0
george flude,1,1,1.0
indiejam,1,12,12.0
spaghettilord1010,1,2,2.0
flyover indies,1,7,7.0
supergamersgames,2,28,14.0
"bit egg, inc.",1,11,11.0
david mccann,1,7,7.0
comix-blade,3,15,5.0
american mcgee,2,20,10.0
cgcfss,1,4,4.0
george linkovsky,1,4,4.0
08jack,1,4,4.0
zargo games,3,57,19.0
mars ashton,4,32,8.0
otherholly,1,0,0.0
nullerror,1,9,9.0
steve halliwell,10,75,7.5
glutoinim,1,7,7.0
marlonwiebe,1,15,15.0
electric monk media,1,15,15.0
adriaayl,1,3,3.0
gamefactory_info,1,9,9.0
artsybarrels,9,126,14.0
phatbhuda,1,13,13.0
sjklevine,1,13,13.0
ixg,1,6,6.0
brianfitzgerald,1,10,10.0
ama,3,20,6.666666666666667
demotion,2,15,7.5
tylerdotdotdot,1,7,7.0
molten berle,1,7,7.0
spbsugamejam,1,8,8.0
pineappleonpizza,2,5,2.5
john widdoss,1,5,5.0
dos,1,3,3.0
delta raider,1,5,5.0
liamtwose,3,16,5.333333333333333
gmx0,3,25,8.333333333333334
sarasota game dev,1,4,4.0
hazel-rah,2,39,19.5
bruised banana,1,5,5.0
ashg,4,71,17.75
am cosmos,3,48,16.0
barddro,1,1,1.0
mindtricks,1,2,2.0
neliorc,1,9,9.0
onurbsilva,2,20,10.0
fi silva,1,9,9.0
rui madeira,1,17,17.0
alpha_rats,1,3,3.0
transactive.io,1,3,3.0
james tomatosauce,1,2,2.0
james d,1,8,8.0
maryb197,2,30,15.0
vittoraboy,1,16,16.0
hjeldin,1,16,16.0
kelly ray j,2,29,14.5
acrymble,1,2,2.0
benosteen,1,2,2.0
dt,1,3,3.0
zalinius,1,14,14.0
nicole parmentier,1,14,14.0
dreamfeel,4,92,23.0
gamecreatorsspace,2,16,8.0
ahoot,1,10,10.0
pangathea,1,11,11.0
erucae,1,4,4.0
argyron,1,3,3.0
sunbro,1,9,9.0
zibelenine,1,9,9.0
lebleu,1,9,9.0
infokub arcade,2,80,40.0
maros,1,11,11.0
yrgo_game_programmer,2,11,5.5
sergent cule,1,6,6.0
aadumkhor,1,4,4.0
adume,1,17,17.0
curvedigital,1,16,16.0
rokkos,2,20,10.0
mxmoireabh,1,3,3.0
hypnotic owl,1,7,7.0
dr.hackenstein,1,7,7.0
crabman,1,7,7.0
como game jam,2,18,9.0
owlhowell,1,6,6.0
bravado game studio,1,6,6.0
greg squire,4,50,12.5
kirt dankmyer,1,4,4.0
theboycobra,1,3,3.0
jwnx,1,14,14.0
asleif,2,23,11.5
crystal game works,1,2,2.0
sørb,1,14,14.0
liquidus,1,0,0.0
darkmastermindz,1,9,9.0
bayohazard,1,9,9.0
jalea,1,8,8.0
tppr2046,7,140,20.0
ifrj_epf_ca,2,15,7.5
invaraid,1,1,1.0
david lópez,1,2,2.0
bluescript,1,7,7.0
fabian,1,5,5.0
infernal light games,1,5,5.0
64mega,3,11,3.6666666666666665
nopy,4,24,6.0
playing the game,1,3,3.0
aaronmakesgames,1,6,6.0
lorenzo pilia,1,15,15.0
tempored insanity studio,1,3,3.0
xboxking129,2,4,2.0
xboxking129 voting,2,4,2.0
galazu,1,10,10.0
joshua mclean,12,291,24.25
zahranw,38,954,25.105263157894736
mini jam official,20,524,26.2
kingw,10,153,15.3
toygel,1,7,7.0
nukularpotato,1,3,3.0
adam le doux,30,876,29.2
gamesfyre,1,1,1.0
progression mechanics,1,8,8.0
acadevi,2,25,12.5
dstuart,1,2,2.0
ilex games,1,3,3.0
the arcade vaults,2,10,5.0
silverysoul,1,12,12.0
neeasalmivaara,1,12,12.0
yuho,1,12,12.0
ympyrae,1,12,12.0
powerworks,1,4,4.0
nobody5050,1,11,11.0
nikolay borozenets games,1,19,19.0
ledd,1,5,5.0
candycomposer,1,3,3.0
tatos,1,8,8.0
gagj18,1,13,13.0
adriendittrick,2,19,9.5
cdisco,1,5,5.0
yunali,1,4,4.0
gorillaterrence,1,4,4.0
billy jahnke,1,2,2.0
rivit,1,1,1.0
soraskyfly,1,17,17.0
cometgoat,1,1,1.0
playbilly,5,106,21.2
geekcave,1,12,12.0
koopagamer,1,1,1.0
jam creator,1,1,1.0
slug_overdose,1,2,2.0
julieheyde,1,17,17.0
citricjazz,1,9,9.0
edsploration,1,3,3.0
trikki,1,1,1.0
mentionthewar,1,8,8.0
splash jam,1,11,11.0
ducksepictoast,1,3,3.0
josh the scrub,1,6,6.0
lcrabbit,2,15,7.5
lklynch,1,14,14.0
university of advancing technology,3,26,8.666666666666666
amanda,1,4,4.0
hryx,1,19,19.0
stephen altamirano,1,19,19.0
triplefox,1,19,19.0
strangesource,1,13,13.0
aggroed,2,13,6.5
molab,2,16,8.0
rexic rose,1,1,1.0
saltyy,2,4,2.0
jessica m. vázquez,1,6,6.0
jackie marcano,1,6,6.0
luis emanuel lebrón,1,6,6.0
digital night studio,2,25,12.5
fourthpixel,1,6,6.0
bloo,1,12,12.0
ribbonsthefriendlyviking,1,12,12.0
nvmsocool,2,18,9.0
torfi,1,13,13.0
alexandrabjarg,1,13,13.0
lykaiast,1,3,3.0
superjump,1,1,1.0
rttstudio,2,15,7.5
gamux,1,12,12.0
austin_pinzon,1,11,11.0
indie galactic space jam,1,19,19.0
ruggedmug,3,55,18.333333333333332
thatwhichis,1,19,19.0
tlt3,1,2,2.0
pixelgamedevjam,1,4,4.0
aurélien dos santos,7,234,33.42857142857143
game dev alliance,8,269,33.625
ahmet kamil keleş,1,7,7.0
maz,2,41,20.5
golly g,1,6,6.0
dumbgamedev,2,21,10.5
creativecaos,1,4,4.0
romietears,1,2,2.0
eduardo coelho,2,29,14.5
gamelab.univali,1,15,15.0
seriousredguy,1,6,6.0
david mekersa - gamecodeur.fr,20,607,30.35
the odd nerd,1,1,1.0
existical,1,7,7.0
magicdweedoo,1,6,6.0
gzstorm,1,6,6.0
kissyourteacher,1,17,17.0
raeleus,2,16,8.0
peanut panda,2,16,8.0
mrstahlfelge,2,16,8.0
johndeveloper,2,16,8.0
gamedevnerds,1,5,5.0
dlastons,1,5,5.0
teascade,2,8,4.0
laurencebedford,1,7,7.0
cecinestpasunjeu,3,50,16.666666666666668
jamie woodcock,1,7,7.0
dan c. parkes,1,7,7.0
seeknoise,1,7,7.0
auriosi,1,2,2.0
a little red panda,1,3,3.0
superwes,4,69,17.25
kbrdthenerd,1,16,16.0
clockworkmagpie,1,8,8.0
blake stone / fenced forest,2,22,11.0
gray darling,1,8,8.0
jared sinclair,1,8,8.0
ｃａｓｉｏｐｅａ,1,7,7.0
humanbean,1,12,12.0
extracoin,1,15,15.0
salsadix,1,10,10.0
augustobrit,1,4,4.0
sygan,2,40,20.0
awestwoodcgd,3,8,2.6666666666666665
craziegames,1,8,8.0
pixelsix,1,10,10.0
hector pulido,1,10,10.0
richard marks,1,6,6.0
motor city robots,1,8,8.0
clockworkowl,1,8,8.0
greniert,1,11,11.0
iki capitan,1,7,7.0
john r. harness,4,224,56.0
takuma okada,4,281,70.25
rpav,3,28,9.333333333333334
xor,1,1,1.0
meseta,1,1,1.0
juju,1,1,1.0
saltosion,1,1,1.0
neon,1,1,1.0
tnerb,2,35,17.5
cristihkj,1,1,1.0
hghrules,1,10,10.0
murkloc,1,8,8.0
jenn martin,3,57,19.0
lucian kahn (@oh_theogony),2,16,8.0
hagge,4,65,16.25
tgnate,1,2,2.0
wanieru,1,6,6.0
murderofcrowsgames,1,4,4.0
alsterdetektive,1,7,7.0
asciibears,1,21,21.0
ｔｅｃｇｏｔｈｉｃａ,1,21,21.0
lowboat,1,21,21.0
seattle indies,3,52,17.333333333333332
el_tutsi,1,6,6.0
jesusc,1,6,6.0
smireles,1,6,6.0
ludeku,1,6,6.0
gato mocho,1,6,6.0
brewton,1,1,1.0
secretfawful,1,1,1.0
gear factory,1,3,3.0
kyle reimergartin,1,1,1.0
honey.cmb,1,7,7.0
killerfun,1,5,5.0
renanvieira,1,12,12.0
jrbitt,1,12,12.0
mason16yt,1,2,2.0
ludipe,5,75,15.0
brandon js lea,3,35,11.666666666666666
frodewin,2,17,8.5
furrygamedevhost,1,5,5.0
duncan,1,2,2.0
noor studios,1,23,23.0
twayfarer,1,21,21.0
jhmstudios,1,3,3.0
gabrielle barboteau,1,10,10.0
miss myu,2,91,45.5
flore_duno,1,10,10.0
sappho creations,1,5,5.0
stlgamedev,1,22,22.0
carolmertz,1,22,22.0
coin,2,45,22.5
laura michet,4,50,12.5
eko game jam,1,10,10.0
slyarch,1,7,7.0
star owl games,1,14,14.0
team dogpit,6,75,12.5
pixelweekendjam,3,45,15.0
dumivid,1,7,7.0
fisher,1,4,4.0
mouseandthebillionaire,1,17,17.0
roxy22,1,6,6.0
early bird press,1,14,14.0
albumarques,2,28,14.0
liamsorta,11,273,24.818181818181817
itwist,1,2,2.0
arowx,1,1,1.0
plumpaiok,1,15,15.0
qlrz studio,1,15,15.0
cccam,1,2,2.0
magic_spark,1,2,2.0
gamesdenuofa,1,7,7.0
redtowershield,1,8,8.0
alexander birke aka out of bounds games,1,6,6.0
shifty studio,1,6,6.0
team gormless,1,6,6.0
megahealthjam,1,17,17.0
bartekci,1,6,6.0
cdutson,1,6,6.0
squallysubset43,1,3,3.0
med school arcade,1,6,6.0
the happiest camper,1,7,7.0
tutortaylor,1,25,25.0
hyreos,2,14,7.0
lightnightgames,1,2,2.0
subsage,1,5,5.0
dotch™,1,1,1.0
thekevster,1,1,1.0
epic blank crew,1,2,2.0
decomakke,1,3,3.0
thedanaaddams,1,3,3.0
"tina ""sheepytina"" hill",1,3,3.0
indie warehouse,1,19,19.0
dps2004,1,6,6.0
himanshu mitta,2,13,6.5
somostalentum,3,76,25.333333333333332
josiec,1,5,5.0
jerementor,1,3,3.0
lifaythegoblin,1,10,10.0
master pose,1,6,6.0
samurailink3,1,8,8.0
runekiller13,1,8,8.0
samurailink4,1,8,8.0
n0t_josh,1,8,8.0
dadam,1,8,8.0
wonderjamuqac,1,16,16.0
zebrafox games,1,2,2.0
plum,1,5,5.0
alfheimwanderer,1,8,8.0
socket studios,1,5,5.0
backtoschooljam,1,10,10.0
yloon,6,56,9.333333333333334
homemech,1,8,8.0
sdgamedev,2,35,17.5
k0j0,2,35,17.5
dogs++,1,8,8.0
yuri.tomas,1,6,6.0
thiagocorreiaifms,1,6,6.0
evandrofalleiros,1,6,6.0
metaparadox,5,70,14.0
yun,1,8,8.0
caaz,1,4,4.0
nodragem,1,2,2.0
games wales,1,2,2.0
num_t,1,2,2.0
gamejamplus,2,92,46.0
ashton snapp,1,1,1.0
verity v. lee,1,2,2.0
misologue,1,22,22.0
jupiter_hadley,1,14,14.0
mladý pes,1,17,17.0
johnson_lin,1,9,9.0
agdg,4,47,11.75
indiedevday,1,7,7.0
gameslableeds,1,14,14.0
jennifer ann's group,1,7,7.0
teasjams,1,10,10.0
drifty,1,10,10.0
axol studio,1,18,18.0
conception software,1,3,3.0
hits playtime,2,41,20.5
joleeh,1,6,6.0
falkisen,1,6,6.0
kyjor,1,1,1.0
yitz,1,1,1.0
koala squad,1,5,5.0
aradhalia,1,10,10.0
kylahi,1,10,10.0
corey king,1,10,10.0
fiscalhalo336,1,10,10.0
c&d cardboard games,2,11,5.5
t-team,11,166,15.090909090909092
fantastic arcade gamemaking frenzies,3,102,34.0
wiley wiggins,1,10,10.0
brandonnn,2,42,21.0
jacqueline bryk,1,4,4.0
sae institute hamburg,1,6,6.0
larsg2005,3,32,10.666666666666666
brodyabroad,1,4,4.0
ludiq-andy,4,38,9.5
ludiq,5,48,9.6
coconut mousse,1,2,2.0
le codex,2,8,4.0
. luis : :,1,7,7.0
sniffle6,1,7,7.0
tonthomp,1,7,7.0
itchioben,1,7,7.0
sulaimanwar,1,7,7.0
votrubec,1,7,7.0
nunu4692,1,7,7.0
arthur b. seibt,1,14,14.0
cdesa,1,14,14.0
rkt9,1,14,14.0
kojiio,1,14,14.0
emma dee,3,65,21.666666666666668
hellostudios,1,7,7.0
mud coders guild,1,4,4.0
ashley pringle,1,12,12.0
sphaericactus,1,4,4.0
scythic,1,10,10.0
niborious,1,25,25.0
jean charpentier,2,34,17.0
dalloner,2,23,11.5
jan marcano,1,8,8.0
bou-games,1,8,8.0
davemakes,1,9,9.0
aevea,1,9,9.0
pigshark27,2,17,8.5
uop-gamejam,1,21,21.0
emojk,1,8,8.0
matthieu_be,1,8,8.0
janvanhouten,1,8,8.0
xandialexander,1,11,11.0
stevieblox1,1,13,13.0
tigerj,4,59,14.75
ihavefivehat,1,17,17.0
makorie,1,6,6.0
indiestellar,1,13,13.0
@lord_stett,1,5,5.0
coryalexmartin,1,16,16.0
keksx,4,121,30.25
michagin,1,21,21.0
hyperactivate,1,21,21.0
jalict,1,21,21.0
dantesgearbox,1,21,21.0
communistsister,1,17,17.0
sypher game studios,1,2,2.0
msminotaur,2,110,55.0
dilapidatedmeow,2,8,4.0
adam proctor,1,6,6.0
ieee university of porto,1,12,12.0
fancy pigeons,2,15,7.5
pierrec,1,23,23.0
hd_,1,4,4.0
hekla björk,1,1,1.0
hypercards,2,92,46.0
adam saltsman,1,32,32.0
lhoti,2,14,7.0
studio thumpy puppy,1,4,4.0
kelsey,1,4,4.0
jared surette,1,7,7.0
kaina's games,1,5,5.0
armyant studios,3,33,11.0
nothke,2,19,9.5
royal ontario museum,1,21,21.0
tief interactive,1,5,5.0
danny,1,5,5.0
bleeding tapes,2,12,6.0
bertik23,1,2,2.0
huuugegames,1,23,23.0
graphicedit,1,2,2.0
esteban grine,1,19,19.0
btnmasher,1,4,4.0
cecilnick,1,8,8.0
amberbrown,1,8,8.0
slyfincleton,1,8,8.0
onion,1,6,6.0
unicorn studios,2,66,33.0
debugdrawray,2,41,20.5
godfreyluck,1,12,12.0
2d knight,1,8,8.0
grapefrukt,1,25,25.0
erik svedäng,1,25,25.0
zapjoltnetwork,1,11,11.0
alex falkenberg,1,9,9.0
asue,1,7,7.0
surweaver,1,7,7.0
kebabuturka,1,7,7.0
dave microwaves games,1,2,2.0
kxi system,1,4,4.0
tel admin,1,1,1.0
four winged studio,1,7,7.0
ererbe,3,27,9.0
portland indie game squad,8,238,29.75
alex fc,1,8,8.0
kiennas,2,81,40.5
opendoresgaming,3,16,5.333333333333333
igal bronshtein,1,3,3.0
shandiin yazzie woodward,1,18,18.0
gamedesign@ltu,1,7,7.0
tairagames,6,123,20.5
rileychan,1,5,5.0
timconceivable,1,21,21.0
xrabohrok,1,21,21.0
masonjason,1,15,15.0
aether,1,2,2.0
we can make this work (probably) network,1,8,8.0
chukobyte,1,2,2.0
ltia,1,17,17.0
rhbs (rafael fressato),1,17,17.0
nightzard productions,2,11,5.5
2000dobby,1,7,7.0
alex cline,1,1,1.0
rgcd.dev,1,20,20.0
gwen,2,23,11.5
jellebones,2,23,11.5
flandre,1,2,2.0
flofflewoffle,1,6,6.0
r25th,1,8,8.0
sugarskull,1,6,6.0
david t. marchand,1,11,11.0
rumpel,1,11,11.0
tembac,1,11,11.0
sven,2,21,10.5
jhonny,2,21,10.5
defold evangelist,2,47,23.5
britzl,2,21,10.5
spatialfree,2,19,9.5
quohelet,1,9,9.0
joey staps,2,16,8.0
joenanco.,1,6,6.0
vydd,1,8,8.0
david thompson,2,23,11.5
veerleen,1,11,11.0
ricoalbe,1,11,11.0
isi cano,1,11,11.0
porpentine,4,295,73.75
jorlu,1,8,8.0
eric lathrop,1,18,18.0
howdycara,1,18,18.0
jamesgmarks,1,1,1.0
ava,1,18,18.0
brechtos,1,18,18.0
emieldp,1,18,18.0
triwest,1,18,18.0
michał ixi kobzdaj,2,25,12.5
stralor,1,22,22.0
igdasd_ian,1,22,22.0
3dfigueroa,1,22,22.0
sojournertrooth,1,22,22.0
jsnellings,1,13,13.0
oneratgames,6,74,12.333333333333334
grimzelites,1,5,5.0
bitbrain,1,13,13.0
ciro durán,1,15,15.0
saúl,1,15,15.0
"greg karber, writer",2,57,28.5
will jobst,1,10,10.0
lunarsignals,1,7,7.0
dinosaurssssssss,5,170,34.0
spencer winson,4,136,34.0
chasersgaming,3,45,15.0
ennis rook bashe,1,6,6.0
marcos fuchter,1,13,13.0
hella big claws,1,4,4.0
slifter,1,7,7.0
sarterus,1,7,7.0
punkitt,1,11,11.0
whogas,1,11,11.0
elvaq,2,71,35.5
zerofiftyone,8,293,36.625
q8geek,4,37,9.25
kronkusbronzewater,1,17,17.0
mercurytw,1,17,17.0
coby jennings,1,17,17.0
aodq,1,3,3.0
spoopypharaoh,1,9,9.0
computerfiguur,5,59,11.8
tyx5,1,11,11.0
esne videojuegos,1,32,32.0
trashmantha,1,10,10.0
impuuuu,1,21,21.0
lazyplague,1,3,3.0
henke37,1,3,3.0
cyanide tea,2,102,51.0
lorelei nguyen,1,36,36.0
stuart pentelow,1,6,6.0
stratizen,1,16,16.0
jcash,1,13,13.0
viibrydd,1,9,9.0
snark,1,2,2.0
kalishir,4,44,11.0
deletedcl,1,2,2.0
tea team,1,15,15.0
princesseuh,1,28,28.0
postmodestie,1,14,14.0
playgen,1,5,5.0
nyu media,3,98,32.666666666666664
jay rab,3,98,32.666666666666664
coleo_kin,3,154,51.333333333333336
high level,1,15,15.0
chris young,1,23,23.0
aestheticalgames,1,4,4.0
jon terp,3,92,30.666666666666668
ragnor,1,22,22.0
ilky,1,22,22.0
ezhiron,1,1,1.0
wfded,1,11,11.0
riverhouse games,4,125,31.25
rat casket,1,9,9.0
yadelah,1,15,15.0
tiltspot.tv,2,9,4.5
andrewbgm,1,9,9.0
borromeo,1,20,20.0
redhead games,1,20,20.0
cerisedev,1,19,19.0
eelstork,1,13,13.0
madclown,1,17,17.0
radhabit,4,122,30.5
vic485,3,58,19.333333333333332
sykoo,3,1077,359.0
wei yuan lee,1,5,5.0
molnija,1,4,4.0
ludonaut,5,454,90.8
dom,5,454,90.8
sv443,2,25,12.5
skjold,2,25,12.5
confettimaker,2,25,12.5
glucic,1,7,7.0
memesenpai,1,7,7.0
sei556,1,7,7.0
canarado,1,7,7.0
illusionman1212,1,7,7.0
kkajr,2,25,12.5
tyedye,1,9,9.0
bashar,1,4,4.0
countzer0,1,11,11.0
nykolasfornaziero,1,11,11.0
little-witch,1,11,11.0
adventuron,1,11,11.0
vox,1,18,18.0
kriswb,1,9,9.0
luceira,1,2,2.0
indiegamereadingclub,1,20,20.0
giucapan,1,7,7.0
adriel,1,7,7.0
techdemo,3,67,22.333333333333332
albertagamejam,1,27,27.0
noass,1,5,5.0
perebite,1,7,7.0
shikaka games,1,10,10.0
akum,2,53,26.5
flameshape,1,11,11.0
sylphonia,1,13,13.0
dan sanderson,1,5,5.0
nathaliekill,1,11,11.0
pankamil,1,11,11.0
ringlan,1,11,11.0
nannahpopess,1,11,11.0
sephrit,2,13,6.5
natalie  libre,1,23,23.0
illumine games,1,15,15.0
retrowynn,1,13,13.0
juno am,1,43,43.0
generalist,1,10,10.0
llewelyn 'nylepudding' griffiths,1,21,21.0
nedstormfish,1,6,6.0
densanon779,1,3,3.0
protohm games,1,13,13.0
srakowski,1,10,10.0
majesticacorn,1,18,18.0
mfosse,1,18,18.0
saidg23,1,18,18.0
xander,1,18,18.0
xronikos,1,18,18.0
cppkyle,1,11,11.0
idealiststudios,1,8,8.0
pill bug interactive,1,12,12.0
clairewill,1,12,12.0
taslima,1,12,12.0
anouschka,1,12,12.0
d_reynolds,1,12,12.0
s.pogoda,1,12,12.0
sgerson,1,12,12.0
john harger,1,10,10.0
lucentbeam,1,10,10.0
the zium museum,1,9,9.0
pawsmenu,1,9,9.0
quinn spence,1,9,9.0
pippinbarr,1,9,9.0
spencer hayes,1,9,9.0
gigoia studios,1,9,9.0
teddy's tummy,3,98,32.666666666666664
kdusemjam,1,10,10.0
bradleysmith,1,7,7.0
kbobnis,1,33,33.0
gamelabaalborg,1,24,24.0
adam moore,1,10,10.0
gamecolab,1,10,10.0
gcl austin,1,10,10.0
monsters & co.,1,15,15.0
vlambeer,1,46,46.0
pocttrpgs,1,15,15.0
kx,1,7,7.0
apos,1,7,7.0
devspace,1,23,23.0
soulsoftea,1,9,9.0
ezombo,1,9,9.0
bishounenp,1,9,9.0
arcade party,1,9,9.0
lantana games,1,10,10.0
kim kogut,1,10,10.0
nielisson,1,5,5.0
swords and flowers,4,204,51.0
jay dragon,1,37,37.0
globalarchiactjam,1,13,13.0
famout,3,51,17.0
shane o'brien,1,13,13.0
playtolose,1,13,13.0
ellielawson,1,13,13.0
patchthesock,1,13,13.0
clarebyrne,1,13,13.0
allsaveone,1,13,13.0
lucas campos,1,11,11.0
yellowbyte studios,1,2,2.0
yanko oliveira,1,15,15.0
jason.boyd,1,52,52.0
bahiyya,1,11,11.0
pidibidi,1,5,5.0
tonypai,1,24,24.0
2purpleswitchs,1,4,4.0
mysterycorgi,1,2,2.0
aleks samoylov,1,10,10.0
hana h.a,2,13,6.5
bigaston,2,84,42.0
adigunpolack,1,3,3.0
pixelcrate,1,16,16.0
ikuti,1,5,5.0
gman8r,5,154,30.8
grim 👁️,4,65,16.25
mcfunkypants,1,10,10.0
skyansam,1,17,17.0
you're waifu,2,37,18.5
zoyander street,1,16,16.0
diver,1,12,12.0
sr cedrik rocha,2,19,9.5
sage latorra,1,16,16.0
gutter arcade,1,10,10.0
tomandjerry6854,1,5,5.0
martin nerurkar,1,6,6.0
danar kayfi,5,392,78.4
saemon,1,57,57.0
ulydev,2,14,7.0
ana valens,1,11,11.0
femhype,1,11,11.0
stache,2,25,12.5
powerburger,1,15,15.0
norrimo,1,7,7.0
ned reid,3,77,25.666666666666668
alte,4,43,10.75
spirit stone studio,1,24,24.0
johan linder,1,17,17.0
e.t.c.lundberg,1,17,17.0
germic,1,17,17.0
danielgustafsson,1,17,17.0
dylan johansson,1,17,17.0
mattias b,1,17,17.0
novaflame,1,3,3.0
tbjbu2,2,30,15.0
itbpublishing,1,24,24.0
zachary flower,1,10,10.0
jeff stormer,1,15,15.0
edu sánchez gamedev,2,36,18.0
djscoretrick,1,23,23.0
glamow research,1,3,3.0
kabraxis,1,2,2.0
dragon slumber,1,13,13.0
gritfish,1,13,13.0
title_pending,2,8,4.0
vyznawca,2,100,50.0
crunchlaw,1,15,15.0
phantomunboxing,2,17,8.5
keepitsane,1,6,6.0
nitori,3,113,37.666666666666664
l3di,2,45,22.5
jacob peltola,2,17,8.5
nadia nova,4,103,25.75
kazumi chin,1,22,22.0
zodsmar,1,15,15.0
scream catalogue,6,172,28.666666666666668
caveware digital,6,172,28.666666666666668
egordorichev,3,56,18.666666666666668
lanachircop,1,16,16.0
z04,3,59,19.666666666666668
savernish,1,10,10.0
eggnog,2,119,59.5
joelajoe,1,8,8.0
papa brickolini,1,10,10.0
kira magrann,1,20,20.0
boostermedia,1,16,16.0
david goemans,1,16,16.0
tulip engine,1,16,16.0
furygames,1,16,16.0
techiecrow,1,19,19.0
subqmag,1,27,27.0
cosmo d,1,11,11.0
ivorytea,1,12,12.0
overdose games,1,4,4.0
naomi norbez,1,15,15.0
i.i,1,4,4.0
kevin wong,2,68,34.0
tomdev,1,24,24.0
xudz,1,12,12.0
squaredev,1,19,19.0
coralgorithms,1,21,21.0
blaiharl,1,23,23.0
cyrillefrouin,1,23,23.0
théo gros,1,23,23.0
warfare ridge,1,42,42.0
redstapler42,1,24,24.0
rhoneranger,1,8,8.0
javidx9,2,82,41.0
world champ game co.,1,11,11.0
erinking,1,11,11.0
anonyanony,2,38,19.0
catacalypto,1,10,10.0
highland paranormal society,2,135,67.5
owlor,1,13,13.0
al cheddah,1,12,12.0
red-baby,1,12,12.0
ertal games,1,12,12.0
ravenakaus,1,9,9.0
chy,1,9,9.0
sparklingnurse,2,61,30.5
"ashlyn, goth cat hugger",2,61,30.5
shaunjs,2,66,33.0
virtus learning hub,4,64,16.0
mammut rpg,1,25,25.0
big bad con,1,32,32.0
nathan black,1,32,32.0
dc,1,32,32.0
egx,1,23,23.0
gemini taurus,1,15,15.0
justin joyce,1,33,33.0
tallshrimp,1,10,10.0
lartu,2,36,18.0
tejo240,2,36,18.0
james earl cox iii,2,198,99.0
eevee,9,342,38.0
clickteam,4,94,23.5
literally a god,1,8,8.0
thebrokenmagnum,1,8,8.0
gametopia,1,35,35.0
daniel gonzález,1,35,35.0
aggressive combustion,1,19,19.0
flying whale,1,16,16.0
warchilduk,1,3,3.0
galejade,1,85,85.0
takushyo,1,18,18.0
dreamup,1,20,20.0
lady entropy,1,20,20.0
jrmariano,1,20,20.0
scumbagdm,1,20,20.0
scared square games,2,36,18.0
nordic game jam,1,93,93.0
anchel,2,269,134.5
claybrickentertainment,1,9,9.0
jackoatley,6,651,108.5
gurpreet singh matharoo,4,91,22.75
kylebosman,1,16,16.0
orbital game jam,1,11,11.0
rapyo,1,45,45.0
hugolemoy,1,45,45.0
gazzapper,1,24,24.0
yadu rajiv,2,49,24.5
kinshuk sunil,2,49,24.5
fadingroots,2,82,41.0
jamfuser,1,13,13.0
wyndfall,1,15,15.0
nordic game jam team!,4,499,124.75
pale,1,13,13.0
sarrixx,1,13,13.0
computerjames,6,267,44.5
81monkeys,1,32,32.0
chillennium game jam,2,141,70.5
kittykatstar,4,203,50.75
carrogath,3,148,49.333333333333336
samuele sciacca,1,27,27.0
riley hopkins,1,65,65.0
jusiv,1,18,18.0
stareoutgames,1,15,15.0
skyharborr,1,19,19.0
laiska,1,19,19.0
bakenshake,14,340,24.285714285714285
irmoz,8,187,23.375
lentsius,9,204,22.666666666666668
patchwork princess,2,42,21.0
astralore,1,13,13.0
randy lubin (he / him),1,33,33.0
copia gaming,1,33,33.0
doc saturn,4,127,31.75
ifire games,3,59,19.666666666666668
emshort,1,77,77.0
trelemar,1,27,27.0
with the love studios,1,21,21.0
rémi töötätä,1,29,29.0
choko,2,44,22.0
empish,1,28,28.0
🌸colleen🌸,1,25,25.0
lo-fi,1,23,23.0
twtdip,1,23,23.0
sheepolution,2,62,31.0
rxi,2,62,31.0
cannibalinteractive,1,11,11.0
jonas tyroller,1,49,49.0
stern flowers,1,15,15.0
paulloz,2,80,40.0
caramelcode,3,116,38.666666666666664
mwcz,3,116,38.666666666666664
nora blake,1,77,77.0
maturityexplained,1,10,10.0
ben allen,1,34,34.0
kjeann,1,34,34.0
robin mendoza,1,34,34.0
ieyfo,2,70,35.0
8-bit llama games,1,34,34.0
bricabrac,1,29,29.0
flatgames <3,1,22,22.0
itsrainingben,1,15,15.0
alaynamcole,2,38,19.0
queerly represent me,1,23,23.0
jessz,1,23,23.0
the linux gamer,3,114,38.0
cassidyjames,1,30,30.0
cheeseness,2,62,31.0
fuzzmonkey,1,36,36.0
gaeel,1,39,39.0
npckc,1,33,33.0
cloverfirefly,1,33,33.0
steven taarland,4,134,33.5
natalie clayton,1,31,31.0
kirsty fraser,4,134,33.5
kesi,2,51,25.5
gaminp,1,26,26.0
homeofnerds,1,41,41.0
jamesharris,1,41,41.0
uk_resistant,1,35,35.0
jack harrison,1,30,30.0
unidaystudio,1,17,17.0
karroffel,1,39,39.0
ebeth,2,66,33.0
ryan evans,2,64,32.0
leapmotion,2,324,162.0
jordanb84,1,35,35.0
supajackle,1,38,38.0
jamila r. nedjadi,2,133,66.5
melody watson,1,70,70.0
chris maltby,1,34,34.0
rousr,1,44,44.0
babyjeans,1,44,44.0
rabblrouser,1,44,44.0
net8floz,1,44,44.0
timruswick,3,281,93.66666666666667
kronbits,4,338,84.5
der kevin,1,20,20.0
matthias scherba,1,66,66.0
hmaon,1,25,25.0
vector hat,2,55,27.5
positive zero,1,20,20.0
lyxavier,2,14,7.0
yang pulse,1,26,26.0
nina,1,17,17.0
louis,1,40,40.0
5targuy,2,66,33.0
makecode arcade,1,24,24.0
petrak,1,15,15.0
wanderlustin,1,15,15.0
rindre,1,19,19.0
john teasdale,1,29,29.0
pablo ariel mayobre,1,37,37.0
acanadiangamer,1,140,140.0
goldengeargames,1,140,140.0
raindrinker,1,18,18.0
hannah rose,1,31,31.0
kaiclavier,1,45,45.0
ian magenta,2,134,67.0
everest pipkin,1,71,71.0
loren schmidt,1,71,71.0
phillip,1,75,75.0
giantkiller industries,1,63,63.0
megan,1,63,63.0
design by cloud,1,55,55.0
fabian_rbtv,1,81,81.0
game curious montréal,1,41,41.0
vex,1,12,12.0
eclipse,1,12,12.0
hayley,2,84,42.0
josefnpat,1,32,32.0
rosa carbo-mascarell,1,38,38.0
danny gallagher,1,38,38.0
sakevisual,3,231,77.0
gamesplusjames,2,131,65.5
conor mccann,1,53,53.0
gamescodedogs,1,39,39.0
juliashmyrova,1,39,39.0
w.h. arthur,1,75,75.0
badlogic,1,81,81.0
kenney,3,269,89.66666666666667
opensource.com,2,88,44.0
my sweet whomp,1,55,55.0
j,8,710,88.75
lysander,8,710,88.75
charblar,7,623,89.0
podquest,1,44,44.0
gilliard lopes,1,44,44.0
daniel linssen,1,89,89.0
second dimension games,3,279,93.0
lixissia,1,53,53.0
xavier ekkel,7,736,105.14285714285714
matthewpalaje,3,169,56.333333333333336
7soul,2,207,103.5
godot engine,1,107,107.0
gdquest,1,107,107.0
mhilbrunner,1,107,107.0
qbieshay,1,107,107.0
at0mium,2,303,151.5
professormunchies,1,150,150.0
butterscotch shenanigans,3,353,117.66666666666667
charlmes,1,78,78.0
queridoluz,2,178,89.0
slashie,2,287,143.5
darren grey,2,287,143.5
jmlait,2,287,143.5
myfirstgamejam,1,91,91.0
matt sephton,1,115,115.0
resistjam,1,199,199.0
tylerthedesigner,1,199,199.0
vague collective,1,199,199.0
annatarkov,1,199,199.0
lunarea,1,217,217.0
uheartbeast,1,142,142.0
brackeys,1,1039,1039.0
aquaxv,1,1039,1039.0
yilian,1,1039,1039.0
thedutchmagikarp,1,1039,1039.0
duxez,1,1039,1039.0
devi ever,1,253,253.0
