X.U.FEFF.game_accessibility,game_asset_license,game_ave_session,game_criteria,game_desc_len,game_developers,game_developers_url,game_genres,game_inputs,game_language,game_last_update,game_license,game_made_with,game_name,game_no_ratings,game_no_screenshots,game_platforms,game_price,game_publish_date,game_ranks,game_raw_scores,game_release_date,game_scores,game_size,game_source_code,game_status,game_submission_page,game_tags,game_url,jam_name,jam_url,reason
,,,,1133,Ludonaut||monkeyotoshi,https://ludonaut.itch.io||https://monkeyotoshi.itch.io,,,,,,,Samurai Bun,NA,3,Windows||macOS||Linux,Name your own price,,,,,,Samurai Bun Linux.7z||81 MB||||Linux<>Samurai Bun OS X.7z||46 MB||||macOS<>Samurai Bun Windows.7z||76 MB||||Windows,,Canceled,https://itch.io/jam/bring-out-your-dead/rate/20343,duel||Fangame||Local multiplayer||samurai-gunn||Tennis||two-player,https://ludonaut.itch.io/samurai-bun,Bring Out Your Dead,https://itch.io/jam/bring-out-your-dead,Abandoned
,,,,3780,ikarth,https://ikarth.itch.io,,,,,,,Meromy (Abandoned),NA,3,,Name your own price,,,,,,MeromyLinux.zip||26 MB||||<>MeromyOSX.zip||24 MB||||<>MeromyWin.zip||16 MB||||,,Canceled,https://itch.io/jam/bring-out-your-dead/rate/72771,dead-project||Procedural Generation,https://ikarth.itch.io/meromy-unfinished,Bring Out Your Dead,https://itch.io/jam/bring-out-your-dead,Abandoned
,,A few minutes,People's Choice Vote,848,DinoGuy007,https://dinoguy007.itch.io,Strategy,Keyboard||Mouse||Touchscreen,English,19 January 2019 @ 08:20,,RPG Maker,Nuking Dragons (Game Jam Demo),6,4,Windows,,29 November 2018 @ 03:39,261,1.5,,1.299,Nuking Dragons.zip||208 MB||29 November 2018 @ 03:17||Windows,,Canceled,https://itch.io/jam/igmc2018/rate/336405,RPG Maker||Turn-Based Combat||War,https://dinoguy007.itch.io/nuking-dragons,Indie Game Making Contest 2018,https://itch.io/jam/igmc2018,Abandoned
,,,,233,MuffiTuffiWuffi,https://muffituffiwuffi.itch.io,,,,,,,MTW Cancelled 7DRL2018,NA,0,,,10 March 2018 @ 04:42,,,,,MTW_Failed7DRL2018.tar.gz||217 kB||10 March 2018 @ 04:39||,https://github.com/MoyTW/7DRL2018,Canceled,https://itch.io/jam/7drl-challenge-2018/rate/232873,,https://muffituffiwuffi.itch.io/mtw-cancelled-7drl2018,7DRL Challenge 2018,https://itch.io/jam/7drl-challenge-2018,Abandoned
,,,,650,Project X593,https://project-x593.itch.io,Action,,,,,,Alpha Strike,NA,4,Windows,,,,,,,AlphaStrikeFinal.zip||2 MB||||Windows,,Canceled,https://itch.io/jam/bring-out-your-dead/rate/72535,cancelled||Pixel Art||Sci-fi||Shoot 'Em Up,https://project-x593.itch.io/alpha-strike-dead,Bring Out Your Dead,https://itch.io/jam/bring-out-your-dead,Abandoned
,,,,145,"Seungju, Sam Lee",https://seungju-sam-lee.itch.io,,,,04 June 2019 @ 14:23,,,Unknown_file,NA,1,Windows,,01 June 2019 @ 15:38,,,,,Sprite test.zip||42 MB||01 June 2019 @ 15:35||Windows,,Canceled,https://itch.io/jam/fragmentjam/rate/431388,,https://seungju-sam-lee.itch.io/unknown-file,Fragment Jam,https://itch.io/jam/fragmentjam,In complete
,,,,511,LtEmi,https://ltemi.itch.io,Adventure,,,,,,BOYD - Little Strawberry Adventure,NA,1,Windows,,,,,,,Little_Strawberry_Adventure.exe||2 MB||||Windows,,Canceled,https://itch.io/jam/bring-out-your-dead/rate/72132,2D||bringoutyourdead||Dungeon Crawler,https://ltemi.itch.io/boyd-little-strawberry-adventure,Bring Out Your Dead,https://itch.io/jam/bring-out-your-dead,Incomplete
,,,,111,ComputerJames,https://computerjames.itch.io,,,,,,,Pong RPG,NA,3,,,,,,,,,,Canceled,https://itch.io/jam/self-care-jam-2/rate/191689,,https://computerjames.itch.io/pong-rpg,<U+2728> Self-Care Jam 2 <U+2728>,https://itch.io/jam/self-care-jam-2,Incomplete
,,,Story||Music||Theme||Atmosphere||Overall||Technical||Sound Effects||Mechanic||Graphics,865,EobardThawne,https://eobardthawne.itch.io,Platformer,,,02 October 2018 @ 12:47,,Unity,Spurpent,8,0,HTML5,,30 September 2018 @ 21:26,86||101||108||113||115||118||123||127||128,1.875||2.000||2.250||2.250||2.375||2.250||1.500||2.125||2.125,,1.768||1.886||2.121||2.121||2.239||2.121||1.414||2.003||2.003,,,Canceled,https://itch.io/jam/jimjam-2/rate/311252,2D||jimjam2,https://eobardthawne.itch.io/spurpent,JimJam #2,https://itch.io/jam/jimjam-2,Incomplete
,,,How would you rate the creativity of this game?||Overall score||How would you rate the game's gameplay/mechanics?||Overall,593,zettovyker,https://zettovyker.itch.io,,,,,,,Safe Space,3,0,,,,61||62||65||65,2.333||2.000||1.667||2.000,,1.528||1.309||1.091||1.309,Safe Space-20180716T013157Z-001.zip||24 MB||||,,Canceled,https://itch.io/jam/minimalistic-jam-3/rate/279853,,https://zettovyker.itch.io/safe-space,Minimalistic Jam 3,https://itch.io/jam/minimalistic-jam-3,Incomplete
,,,How minimalistic was the art and/or music?||How would you rate the games mechanics?||Overall,69,Nizkit,https://nizkit.itch.io,Platformer,,,,,,One Circle Army,3,0,Windows,,,45||51||51,4.667||2.667||3.667,,3.300||1.886||2.593,BUILD.zip||12 MB||||Windows,,Canceled,https://itch.io/jam/minimalistic-jam-2/rate/210881,,https://nizkit.itch.io/one-circle-army,Minimalistic Jam 2,https://itch.io/jam/minimalistic-jam-2,Incomplete
,,,Sound||Gameplay||Overall||Graphics||Theme,911,Eiyeron||Yomieda,https://eiyeron.itch.io||https://yomieda.itch.io,Platformer,,,19 June 2017 @ 19:33,,,Mouse run,1,2,Windows||macOS||Linux,Name your own price,14 June 2017 @ 20:26,93||99||106||107||110,3.000||3.000||2.250||2.000||1.000,,1.134||1.134||0.850||0.756||0.378,Mouse run-win64.zip||3 MB||||Windows<>Mouse run.love||163 kB||||Windows||Linux||macOS,,Canceled,https://itch.io/jam/cga-jam/rate/150988,4-bit||cga||cgajam,https://eiyeron.itch.io/mouse-run,CGA JAM,https://itch.io/jam/cga-jam,Incomplete
,,,,367,Wyndfall,https://wyndfall.itch.io,Adventure,,,,,Unity,Snake Adventure (Unfinished/Fragment),NA,4,HTML5,,19 June 2019 @ 17:29,,,,,,,Canceled,https://itch.io/jam/fragmentjam/rate/439897,,https://wyndfall.itch.io/snake-adventure,Fragment Jam,https://itch.io/jam/fragmentjam,Incomplete
Subtitles||One button,Creative Commons Attribution v4.0 International,A few minutes,,166,WSL Games,https://wsl.itch.io,,Mouse||Touchscreen,English,12 April 2017 @ 14:58,GNU General Public License v3.0 (GPL),,Bakery Distress,NA,2,Windows||macOS||Linux,,08 April 2017 @ 19:28,,,,,0.2.0.jar||16 MB||08 April 2017 @ 19:13||Windows||Linux||macOS<>Torrent||10 kB||08 April 2017 @ 19:14||,,Canceled,https://itch.io/jam/1-bit-clicker-jam/rate/133293,1-bit||cookie-clicker||Point & Click,https://wsl.itch.io/bakery-distress,1-Bit Clicker jam,https://itch.io/jam/1-bit-clicker-jam,Incomplete
,,,Music||Aesthetics||Visuals||Story,335,SHO/ClimaxJoy,https://sho111.itch.io,,,,,,,Biker2044 (Playable but not finished),3,1,Windows,,,18||50||50||55,3.333||1.667||1.667||1.000,,2.887||1.443||1.443||0.866,Biker2044.rar||232 MB||||Windows,,Canceled,https://itch.io/jam/cyberpunk-jam-2019/rate/430453,2D||Cyberpunk||Shoot 'Em Up,https://sho111.itch.io/biker2044-not-finished-lel,Cyberpunk Jam 2019,https://itch.io/jam/cyberpunk-jam-2019,Incomplete
,,,,244,Flandre,https://flandre.itch.io,Shooter,,,,,,The Battle Against Urania,NA,1,Windows,,,,,,,,,Canceled,https://itch.io/jam/greek-mytholojam-2018/rate/324594,,https://flandre.itch.io/the-battle-against-urania,Greek MytholoJam 2018,https://itch.io/jam/greek-mytholojam-2018,Incomplete
,,A few minutes,,158,Felipe Nanni,https://felipenanni.itch.io,Action,Keyboard||Mouse,,,,GameMaker: Studio,Neighbors Ate My Zombies,NA,1,HTML5,,,,,,,,,Canceled,https://itch.io/jam/jamgame/rate/17101,,https://felipenanni.itch.io/neighbors-ate-my-zombies,JamGame - The Backwards Game Jam,https://itch.io/jam/jamgame,None
,,,,784,tecgothica,https://riotjayne.itch.io,,,,,,,Speed Dating On The Citadel,NA,3,Windows||macOS||Linux,,,,,,,SDotC-1.0-all.zip||39 MB||||Windows||Linux||macOS,,Canceled,https://itch.io/jam/nanoreno-2015/rate/21878,,https://riotjayne.itch.io/speed-dating-on-the-citadel,NaNoRenO 2015,https://itch.io/jam/nanoreno-2015,None
,,,,793,13floor,https://13floor.itch.io,,,,,,,<U+0411><U+0435><U+0437> <U+0447><U+0443><U+0432><U+0441><U+0442><U+0432>,NA,1,Windows||macOS,,,,,,,Senseless-win64.zip||16 MB||||Windows<>sensless-mac.zip||19 MB||||macOS<>Senseless.zip||159 MB||||,,Canceled,https://itch.io/jam/sibgamejam2018/rate/343729,Ludum Dare 43||sibgamejam,https://13floor.itch.io/sensless,Novosibirsk LDJAM #43 Gathering #SibGameJam,https://itch.io/jam/sibgamejam2018,None
,,,Visuals||Music||Overall||Fun||Innovation,201,jvolonte||GerryTheMusicMan||dasPanjo,https://jvolonte.itch.io||https://gerry9000000.itch.io||https://daspanjo.itch.io,Rhythm||Adventure,,,19 September 2018 @ 22:13,,,FurtiveWorlds,9,5,Windows||macOS||Linux,,14 September 2018 @ 21:43,5||18||20||28||41,4.333||3.778||3.667||3.222||3.000,,3.920||3.417||3.317||2.915||2.714,Furtive Worlds - Mac||33 MB||19 September 2018 @ 20:57||macOS<>Furtive Worlds - Linux||30 MB||19 September 2018 @ 20:57||Linux<>Furtive Worlds - Windows||30 MB||19 September 2018 @ 21:30||Windows,,Canceled,https://itch.io/jam/musicgamejam2018/rate/305263,Bullet Hell||Music||psychedelic||Singleplayer||Unity,https://jvolonte.itch.io/furtiveworlds,Music Game Jam 2018,https://itch.io/jam/musicgamejam2018,None
,,A few minutes,,1209,Mason Zettlemoyer,https://masonzettle.itch.io,Role Playing||Shooter,Keyboard,English,,,GameMaker: Studio,Ugruk,NA,3,Windows,Name your own price,,,,,,Ugruk Game Jam Edition.zip||8 MB||||Windows,,Canceled,https://itch.io/jam/1-room-rpg-jam-2/rate/229030,16-bit||Action RPG||Arcade||Endless||GameMaker||one-room||Retro,https://masonzettle.itch.io/ugruk,1-Room RPG Jam #2,https://itch.io/jam/1-room-rpg-jam-2,None
,,,,213,Breogán Hackett,https://boaheck.itch.io,,,,,,,Breogáns Unfinished Games 2015,NA,4,Windows||macOS||Linux,,,,,,,Breogan hacketts unfinished games.zip||32 MB||||Windows<>Unfinished games linux.zip||78 MB||||Linux<>Unfinished games mac.zip||72 MB||||macOS,,Canceled,https://itch.io/jam/unfinishedweek/rate/19124,flappy||FPS||Lo-fi||Pixel Art||Procedural Generation||unfinished,https://boaheck.itch.io/unfinished15,Unfinished Games Week 2015,https://itch.io/jam/unfinishedweek,None
,,,Overall||Presentation||Originality||Gameplay||Overall,273,PintsizedSix40,https://pintsizedsix40.itch.io,Strategy,,,,,,Slender's Containment,6,1,Windows||macOS,,03 October 2016 @ 03:10,36||38||38||38||38,1.333||1.333||1.333||1.000||1.250,,1.333||1.333||1.333||1.000||1.250,SC.exe||5 MB||03 October 2016 @ 03:06||Windows<>Application.cci||3 MB||03 October 2016 @ 04:02||macOS<>SC.zip||3 MB||03 October 2016 @ 04:28||,,Canceled,https://itch.io/jam/weirderstuff/rate/88813,iwanttocreate,https://pintsizedsix40.itch.io/slenders-containment,Weirder Stuff,https://itch.io/jam/weirderstuff,None
,,A few seconds,Innovation||Gameplay||Game Feel / Polish||Stability||Audio||Art,411,TCD_95,https://tcd-95.itch.io,Survival||Strategy,Keyboard,English,20 October 2019 @ 17:31,,Unity,The Void,4,3,Windows,Name your own price,,8||10||10||10||11||11,3.000||2.000||1.250||3.500||1.000||1.250,20 July 2019 @ 15:15,2.449||1.633||1.021||2.858||0.816||1.021,The Void! 0.2.zip||22 MB||||Windows<>The Void!_Setup(x86).exe||13 MB||||Windows,,Canceled,https://itch.io/jam/rnjam/rate/451981,2D||Unity||waves,https://tcd-95.itch.io/the-void,The RNJam,https://itch.io/jam/rnjam,None
,,,,223,Canataku,https://canataku.itch.io,Action,,,,,,waitForIt,NA,0,,,,,,,,OAJam_Canary.rar||9 MB||||,,Canceled,https://itch.io/jam/oa-jam/rate/119040,,https://canataku.itch.io/waitforit,OA Jam,https://itch.io/jam/oa-jam,None
,,,,398,Kymarai,https://kymarai.itch.io,,,,,,,[Unstable] Beat Fighters,NA,1,Windows,,,,,,,BeatFighters.exe||4 MB||||Windows,,Canceled,https://itch.io/jam/bring-out-your-dead/rate/69794,,https://kymarai.itch.io/beat-fighters,Bring Out Your Dead,https://itch.io/jam/bring-out-your-dead,None
,,,Execution||Concept||Polish / Feel||Overall,161,elocnat,https://elocnat.itch.io,,,,,,PixiJS,Life Dodger,4,1,HTML5,,,3||4||5||5,2.750||3.000||1.500||2.417,,2.750||3.000||1.500||2.417,,,Canceled,https://itch.io/jam/hidden-meaning-jam/rate/455725,,https://elocnat.itch.io/life-dodger,Hidden Meaning Jam,https://itch.io/jam/hidden-meaning-jam,None
,,,Originality||Adherence to the Theme||Design||Overall,30,zoboso,https://zoboso.itch.io,,,,,,,balance,3,1,,,,2583||2585||2598||2604,1.333||1.333||1.000||1.222,,0.730||0.730||0.548||0.669,GMTKGJOnlyOne.zip||17 MB||||,,Canceled,https://itch.io/jam/gmtk-2019/rate/462921,3D,https://zoboso.itch.io/balance,GMTK Game Jam 2019,https://itch.io/jam/gmtk-2019,None
,,,,368,Mon amiral,https://callmemonamiral.itch.io,Action,,,01 August 2019 @ 16:47,,Unity,Trouble in the Clown Castle,NA,1,Windows||HTML5,,22 July 2019 @ 20:59,,,,,Clowning around.zip||17 MB||22 July 2019 @ 21:04||Windows,,Canceled,https://itch.io/jam/fragmentjam/rate/381984,pinball||Roguelike,https://callmemonamiral.itch.io/trouble-in-the-clown-castle,Fragment Jam,https://itch.io/jam/fragmentjam,None
,,,,236,vandijkstef,https://vandijkstef.itch.io,,,,,,,Grey Goo Kitchen,NA,1,Windows,Name your own price,,,,,,GGK_QJ7_vandijkstef.exe||5 MB||||Windows<>GGK Source - Gamemaker Studio||34 MB||||,,Canceled,https://itch.io/jam/qazijam7/rate/87165,Pixel Art||puzzle-action,https://vandijkstef.itch.io/grey-goo-kitchen,QaziJam 7,https://itch.io/jam/qazijam7,None
,,,Replayability||Fun||Overall||Balance||Polish||Music & Sound||Visuals||Weirdness,368,TranquiLily||Jamasan,https://tranquilily.itch.io||https://jamasan.itch.io,,,,11 June 2018 @ 01:52,,,Brody Eagle's Pro Scooter,7,1,Windows,,28 May 2017 @ 23:57,46||73||79||80||84||88||89||102,3.429||3.571||3.122||3.000||2.857||3.000||3.000||3.000,,2.735||2.849||2.491||2.393||2.279||2.393||2.393||2.393,Brody Eagle's Pro Scooter v1.020.zip||9 MB||30 May 2017 @ 22:06||Windows,,Canceled,https://itch.io/jam/bscotch100/rate/147220,,https://tranquilily.itch.io/brody-eagle,Butterscotch ShenaniJam,https://itch.io/jam/bscotch100,None
,,,BEST GAME (General)||SCARIEST GAME||BEST THEME (Best Use of Theme),2347,Run Hanako,https://run-hanako.itch.io,,,,,,,No Moar Snow!,7,0,Windows||macOS||Linux,,,12||13||13,2.857||1.857||3.000,,2.520||1.638||2.646,no_more_snow_win32.zip||12 MB||||Windows<>no_more_snow_win64.zip||12 MB||||Windows<>no_more_snow_linux.tar.gz||27 MB||||Linux<>no_more_snow_mac.zip||14 MB||||macOS,,Canceled,https://itch.io/jam/scream-season/rate/345970,crap||shit||this-game-sucks,https://run-hanako.itch.io/no-moar-snow,SCREAM SEASON,https://itch.io/jam/scream-season,None
,,,Graphics||Overall||Mood||Gameplay||Sound,34,WetDesertRock,https://wetdesertrock.itch.io,,,,,,,Capillary,8,1,,,,21||24||24||25||27,2.875||2.313||2.750||2.625||1.000,,2.711||2.180||2.593||2.475||0.943,LoveJam2018-macOS.zip||11 MB||||<>LoveJam2018-win32.zip||7 MB||||<>LoveJam2018-win64.zip||8 MB||||<>LoveJam2018.love||219 kB||||,,Canceled,https://itch.io/jam/love2d-jam-2018/rate/226539,,https://wetdesertrock.itch.io/capillary,LÖVE Jam 2018,https://itch.io/jam/love2d-jam-2018,None
,,,Fidelidade ao Tema||Diversão||Overall,25,Bryan17,https://bryan17.itch.io,Visual Novel,,,,,Construct,You won't believe what's in this game!,5,1,HTML5,,,4||5||5,2.600||3.000||2.800,,2.600||3.000||2.800,,,Canceled,https://itch.io/jam/botecojam04/rate/239047,,https://bryan17.itch.io/nomome,BotecoJAM#04 - Seus inimigos são suas armas,https://itch.io/jam/botecojam04,None
,,A few minutes,Overall||Theme||Controls||Sound and Music||Fun||Gameplay||Graphics,592,MayMoonsley,https://maymoonsley.itch.io,Shooter,,,,,,The Fool's Journey: Who You Could Have Been,2,1,HTML5,,,1||1||1||1||1||2||2,2.583||4.000||3.000||1.000||3.000||2.500||2.000,,2.583||4.000||3.000||1.000||3.000||2.500||2.000,,,Canceled,https://itch.io/jam/manifold-game-jam/rate/64421,fools-journey||Pixel Art||tarot,https://maymoonsley.itch.io/the-fools-journey,Manifold Game Jam,https://itch.io/jam/manifold-game-jam,None
,,,THEME||AUDIO||FUN FACTOR||VISUALS||Overall||POLISH,265,Masterkonni05,https://masterkonni05.itch.io,Puzzle,,,23 August 2019 @ 13:05,,,HexTheSummer,9,3,Windows,,07 July 2019 @ 21:07,37||57||60||60||60||62,2.778||1.778||1.778||1.889||1.933||1.444,,2.513||1.608||1.608||1.709||1.749||1.307,HexTheSummer.zip||25 MB||07 July 2019 @ 21:29||<>hex_the_summer_setup.exe||20 MB||07 July 2019 @ 21:31||Windows,,Canceled,https://itch.io/jam/junejulyjackpotjam/rate/441569,My First Game Jam||Top-Down||Unity||Word game,https://masterkonni05.itch.io/hexthesummer,<U+2605> JUNE/JULY JACKPOT JAM <U+2605> WIN $$$,https://itch.io/jam/junejulyjackpotjam,None
,,,,1107,M.H. Abdul-Rahim,https://marimodev.itch.io,,,,,,,Terminal Love v2.0 Title Screen,NA,1,Windows||macOS||Linux,Name your own price,,,,12 June 2014 @ 04:00,,Terminal Love Title Screen||5 MB||||Windows||Linux||macOS,,Canceled,https://itch.io/jam/bring-out-your-dead/rate/72874,Music,https://marimodev.itch.io/terminal-love-v2-title-screen,Bring Out Your Dead,https://itch.io/jam/bring-out-your-dead,None
,,,Music/Sounds||Mood/Atmosphere||Overall||Graphics/Design||Idea/Innovation||Overall/Gameplay,577,max levine stuff,https://maximilian.itch.io,,,,,,,The Boss Battle of Life,9,1,Flash,,,12||17||22||22||29||38,3.222||3.222||2.778||2.889||2.444||2.111,,3.222||3.222||2.778||2.889||2.444||2.111,,,Canceled,https://itch.io/jam/finally-finish-something/rate/98107,2D||Boss battle||Experimental||Gore||Hand-drawn||Singleplayer,https://maximilian.itch.io/snout-attack,Finally Finish Something,https://itch.io/jam/finally-finish-something,None
,,,,281,Aljon Viray,https://liefthebeef.itch.io,Platformer,,,,,,I Am Butter,NA,1,Windows,,,,,,,I_Am_Butter.zip||14 MB||||Windows,,Canceled,https://itch.io/jam/vgdc-fall-2018-game-projects/rate/339280,2D||Singleplayer,https://liefthebeef.itch.io/i-am-butter,VGDC Fall 2018 game projects,https://itch.io/jam/vgdc-fall-2018-game-projects,None
,,,,0,jpkorin,https://jpkorin.itch.io,,,,,,,It's Gems,NA,1,Windows,,,,,,,u guessed it.exe||1 MB||||Windows,,Canceled,https://itch.io/jam/edc-random-idea-jam-2015/rate/17616,,https://jpkorin.itch.io/its-gems,EDC Random Idea Jam 2015,https://itch.io/jam/edc-random-idea-jam-2015,None
,,,Execution||Concept||Overall||Polish,73,Beethoven,https://beethoven.itch.io,,,,,,,Johney has a Legen,6,1,,,,4||7||8||11,3.167||3.333||2.722||1.667,,3.167||3.333||2.722||1.667,,,Canceled,https://itch.io/jam/scratch-jam/rate/473005,,https://beethoven.itch.io/johney-has-a-legen,Scratch Jam,https://itch.io/jam/scratch-jam,None
,,A few minutes,,0,Luminoth||Jordan Kulm,https://luminoth.itch.io||https://jordan-kulm.itch.io,,Gamepad (any),,,Apache License 2.0,Unity,Air Yeti,NA,1,Windows,,,,,,,ssjAug2018.zip||118 MB||||Windows,,Canceled,https://itch.io/jam/ssjlocationbased/rate/285348,,https://luminoth.itch.io/air-yeti,Summer Slow Jams July 2018: Location-Based Games,https://itch.io/jam/ssjlocationbased,None
,,,,35,Starbraedon,https://starbraedon.itch.io,Platformer,,,,,,A Circle's Journey,NA,1,Windows,,02 June 2019 @ 15:07,,,,,win32exe.zip||33 MB||02 June 2019 @ 15:06||Windows,,Canceled,https://itch.io/jam/fragmentjam/rate/431847,,https://starbraedon.itch.io/a-circles-journey,Fragment Jam,https://itch.io/jam/fragmentjam,None
,,,,252,KuraiHeka,https://kuraiheka.itch.io,Action,,,,,,Pirate Party,NA,1,Windows,,,,,,,PirateParty.zip||48 MB||||Windows<>Pirate Party PreIndev 0.0.1.4.zip||14 MB||||Windows<>Pirate Party PreIndev 0.0.1.5.zip||48 MB||||Windows,,Canceled,https://itch.io/jam/ngj16/rate/61030,Game Jam||Local multiplayer||martin-talha||Pirates,https://kuraiheka.itch.io/pirate-party,Nordic Game Jam 2016,https://itch.io/jam/ngj16,None
,,,,1437,MayMoonsley,https://maymoonsley.itch.io,Shooter,,,,,,RGBA: The Digital Maze,NA,4,Windows||Linux,,,,,,,application.linux-armv6hf.zip||4 MB||||Linux<>application.linux32.zip||4 MB||||Linux<>application.windows32.zip||4 MB||||Windows<>application.windows64.zip||4 MB||||Windows<>application.macosx.zip||62 MB||||<>application.linux64.zip||4 MB||||,,Canceled,https://itch.io/jam/bring-out-your-dead/rate/72698,Top down shooter||unfinished,https://maymoonsley.itch.io/rgba-the-digital-maze,Bring Out Your Dead,https://itch.io/jam/bring-out-your-dead,None
,,,,202,sonnydasilva,https://sonnydasilva.itch.io,,,,,,,Raining animals,NA,1,,,,,,,,Hangover Game Jam.zip||16 MB||||,,Canceled,https://itch.io/jam/hangover-game-jam-2019/rate/351837,,https://sonnydasilva.itch.io/raining-animals,Hangover Game Jam 2019,https://itch.io/jam/hangover-game-jam-2019,None
,,,,423,LlamaDev Games,https://llamadev-games.itch.io,Puzzle,,,,,,I Have Faith In You! - Demo,NA,1,Windows,,,,,,,I Have Faith In You Demo Installer.exe||1 MB||||Windows,,Canceled,https://itch.io/jam/chronicles-gamedev-challenge-week-12/rate/442133,2D||chronicles-gamedev-challenge,https://llamadev-games.itch.io/ihavefaithinyoudemo,"Chronicles GameDev Challenge, Week 12",https://itch.io/jam/chronicles-gamedev-challenge-week-12,None
,,,,28,LucasRAB,https://lucasrab.itch.io,,,,,,,Title screen,NA,1,Windows,,,,,,,The Dark Ages.exe||2 MB||||Windows,,Canceled,https://itch.io/jam/me-and-ted-jammy/rate/147831,Ludum Dare 38,https://lucasrab.itch.io/title-screen,me and ted jammy,https://itch.io/jam/me-and-ted-jammy,None
,Creative Commons Attribution v4.0 International,A few minutes,Graphics||Audio||Fun||Mood||Overall||Theme||Humor,874,librorumque||kostik1337,https://librorumque.itch.io||https://kostik1337.itch.io,Action,Keyboard||Mouse,,,MIT License,,Magnaquard (Open Jam 2017),10,1,Windows||macOS||Linux,,,10||18||20||22||24||32||41,4.000||3.100||3.200||2.900||3.300||2.800||1.900,,3.508||2.719||2.807||2.543||2.894||2.456||1.666,magnaquard_windows.zip||23 MB||||Windows<>magnaquard_osx.zip||24 MB||||macOS<>magnaquard_linux.tar.gz||25 MB||||Linux,https://github.com/kostik1337/magnaquard/||https://github.com/kostik1337/magnaquard/tree/master#controls||https://github.com/kostik1337/magnaquard/tree/master#controls||https://github.com/kostik1337/magnaquard/tree/master#credits||https://github.com/kostik1337/magnaquard/tree/master#credits||https://github.com/kostik1337||https://github.com/kostik1337/magnaquard/tree/master#license||https://github.com/kostik1337/magnaquard/tree/master#license||https://github.com/kostik1337/magnaquard,Canceled,https://itch.io/jam/open-jam-1/rate/182548,3D||Aliens||Robots||Shoot 'Em Up,https://librorumque.itch.io/magnaquard,Open Jam,https://itch.io/jam/open-jam-1,None
,,A few minutes,,320,vandijkstef,https://vandijkstef.itch.io,Action,Keyboard||Mouse,English,,,,Shooter of Things,NA,1,Windows||macOS,Name your own price,,,,,,SoT_Alpha_3.zip||14 MB||||Windows<>SoT_Alpha3.app.zip||17 MB||||macOS,,Canceled,https://itch.io/jam/qazijam8/rate/94219,3D||Isometric||Shoot 'Em Up||upgrades,https://vandijkstef.itch.io/sot,QaziJam 8 - Now In A Jar,https://itch.io/jam/qazijam8,None
,,,,1385,Greg Squire,https://gregsquire.itch.io,Puzzle,,,,,,Maze Crazed,NA,3,Windows,,,,,,,mazecrazed.exe||1 MB||||Windows,,Canceled,https://itch.io/jam/bring-out-your-dead/rate/72707,maze,https://gregsquire.itch.io/maze-crazed,Bring Out Your Dead,https://itch.io/jam/bring-out-your-dead,None
,,,,440,ColbP||Haydern,https://colbp.itch.io||https://haydern.itch.io,Platformer,,,,,,Pizza Guy Vs. The Army of Darkness,NA,2,Windows||Linux,,,,,,,Pizza Guy Vs Build.rar||21 MB||||Windows||Linux,,Canceled,https://itch.io/jam/omgjam4/rate/274916,Food||omgjam||pizza,https://colbp.itch.io/pizza-guy-vs-army-of-darkness,GDQ One Mechanic Game Jam 4,https://itch.io/jam/omgjam4,None
,,,,58,Sheeplip,https://sheeplipgame.itch.io,Visual Novel||Role Playing,,,,,,My Best Friend,NA,1,Windows,,,,,,,My Best Friend ver GamJam||81 MB||||Windows,,Canceled,https://itch.io/jam/rpgmaker1hour2/rate/338505,Horror||Point & Click||suspense,https://sheeplipgame.itch.io/my-best-friend,RPG Maker Games in 1 Hour,https://itch.io/jam/rpgmaker1hour2,None
,,,,80,M A T,https://m-a-t.itch.io,,,,,,,Survive on Bridge,NA,1,Windows||Linux,,,,,,,Win_Build.zip||19 MB||||Windows<>Linux_Build.zip||19 MB||||Linux,,Canceled,https://itch.io/jam/weekly-game-jam-87/rate/390883,,https://m-a-t.itch.io/survive-on-bridge,Weekly Game Jam - Week 87,https://itch.io/jam/weekly-game-jam-87,None
,,,,211,Jokes Too Far,https://jokes-too-far.itch.io,,,,,,,tender,NA,4,,,,,,,,,,Canceled,https://itch.io/jam/stlscatterjam2015/rate/39260,augmented-reality,https://jokes-too-far.itch.io/tender,STL Scatterjam 2015,https://itch.io/jam/stlscatterjam2015,None
,,,Replayability||Balance||Fun||Visuals||Overall||Music & Sound||Weirdness||Polish,51,squishybanana,https://squishybanana.itch.io,,,,,,,Butterscotch Shenanijam Desserted Wormhole Submission,4,0,,,28 May 2017 @ 22:13,98||104||109||116||119||120||121||121,3.250||3.250||3.500||3.250||3.000||2.250||3.000||2.500,,1.960||1.960||2.111||1.960||1.809||1.357||1.809||1.508,,,Canceled,https://itch.io/jam/bscotch100/rate/147155,,https://squishybanana.itch.io/butterscotch-shenanijam-desserted-wormhole-submission,Butterscotch ShenaniJam,https://itch.io/jam/bscotch100,None
,,About a half-hour,Game||Sounds||Horny||Stealth||Looks||Kink||Overall||Harmony||Novelty,937,softglow,https://softglow.itch.io,Role Playing,Keyboard||Mouse,English,,,RPG Maker,Runaway Royal,3,2,Windows||macOS,,,10||23||25||28||29||35||36||39||41,4.333||2.667||3.333||2.333||3.000||2.000||2.792||2.667||2.000,,3.357||2.066||2.582||1.807||2.324||1.549||2.162||2.066||1.549,RunawayRoyal.zip||159 MB||||Windows<>RunawayRoyal-Mac.zip||160 MB||||macOS,,Canceled,https://itch.io/jam/strawberry-jam/rate/122486,Fantasy||RPG Maker||Singleplayer,https://softglow.itch.io/runaway-royal,Strawberry Jam,https://itch.io/jam/strawberry-jam,None
,,,,277,Nocturnal Wisp,https://nocturnal-wisp.itch.io,Action,,,,,Unity,Domnipult,NA,1,Windows||macOS,Name your own price,,,,,,Domnipult.zip||13 MB||||Windows<>mac.zip||32 MB||||macOS,,Canceled,https://itch.io/jam/weekly-game-jam-33/rate/229041,3D||Arcade||Unity,https://nocturnal-wisp.itch.io/domnipult,Weekly Game Jam - Week 33,https://itch.io/jam/weekly-game-jam-33,None
,,,,77,Iam_Mask,https://iam-mask.itch.io,Educational||Visual Novel,,,,,,Brick Home,NA,3,HTML5,,,,,,,,,Canceled,https://itch.io/jam/forge-jam-vii-global-game-jam-2019/rate/361449,artgame||Controller||html||Mouse only||Short||Unreal Engine,https://iam-mask.itch.io/brick-house,Forge Jam VII - Global Game Jam 2019,https://itch.io/jam/forge-jam-vii-global-game-jam-2019,None
,,,Overall||Innovation||Feel||Aesthetics||Theme,1716,MrMadCat,https://mrmadcat.itch.io,Action,,,11 May 2018 @ 09:57,,Unity,Void the Dark Gazer - A Paper Nova Sidekick Story,1,1,HTML5,,16 July 2017 @ 14:48,484||547||552||556||558,3.000||2.000||2.000||2.000||2.000,,1.732||1.155||1.155||1.155||1.155,,,Canceled,https://itch.io/jam/gmtk-jam/rate/159059,Game Jam||Game Maker's Toolkit Jam,https://mrmadcat.itch.io/void-the-dark-gazer-a-paper-nova-sidekick-story,Game Maker's Toolkit Jam,https://itch.io/jam/gmtk-jam,None
,,,,185,AthrunVLokiz,https://athrun.itch.io,,,,,,,Alphabets Defender Ver 2,NA,3,Windows,Name your own price,,,,,,Alphabets Defender Ver 2.rar||15 MB||||Windows,,Canceled,https://itch.io/jam/app-challenge-game-jam/rate/247586,atthack||My First Game Jam,https://athrun.itch.io/alphabets-defender-ver-2,"($1,250 in prizes) App Challenge Game Jam",https://itch.io/jam/app-challenge-game-jam,None
Color-blind friendly||Subtitles||Configurable controls||One button,,A few minutes,Audio||Innovation||Overall||Gameplay||Graphics||Theme interpretation,276,paper and pen games,https://paper-and-pen-games.itch.io,,Keyboard||Mouse||Touchscreen,English,,,,Night of nightmares,2,4,Windows||macOS||Linux,,,172||183||185||188||200||200,2.500||3.000||3.500||3.000||2.500||2.500,15 July 2017 @ 09:30,1.118||1.342||1.565||1.342||1.118||1.118,night of nightmares demo (itch.io version) 0.1.8||6 MB||||Windows||Linux||macOS<>Night of nightmares theme||4 MB||||,,Canceled,https://itch.io/jam/game-off-2017/rate/157913,16-bit||2D||Alternate History||clicker||glitch||Horror||Ludum Dare 38||Multiple Endings||Survival Horror,https://paper-and-pen-games.itch.io/night-of-nightmares,Game Off 2017,https://itch.io/jam/game-off-2017,None
,,,Sounds and Music||Theme||Innovation||The Experience||Visuals||Overall,173,WaffleLlama,https://wafflellama.itch.io,Shooter,,,,,Unity,Llamas V Chickens,11,1,HTML5,,,167||182||189||192||205||227,2.000||2.455||2.000||1.818||1.909||1.727,,2.000||2.455||2.000||1.818||1.909||1.727,,,Canceled,https://itch.io/jam/blackthornprodgamejam2/rate/379186,,https://wafflellama.itch.io/llamas-v-chickens,Blackthornprod GAME JAM #2,https://itch.io/jam/blackthornprodgamejam2,None
,,,Gameplay||Game Design||Creativity||Art/Graphics||Overall,234,koeste,https://koeste.itch.io,,,,,,,JohnDoe,26,1,HTML5,,,10||10||11||11||11,2.038||2.346||2.731||2.000||2.279,,2.000||2.302||2.680||1.963||2.236,,,Canceled,https://itch.io/jam/6thklujam/rate/412703,,https://koeste.itch.io/johndoe,6th Klagenfurt Game Jam,https://itch.io/jam/6thklujam,None
,,,,663,Lowsun,https://lowsun.itch.io,Interactive Fiction||Adventure,,,,,,Memoriae : fragment text adventure,NA,2,,,10 June 2019 @ 17:41,,,,,Memoriae.zip||5 MB||10 June 2019 @ 17:41||,,Canceled,https://itch.io/jam/fragmentjam/rate/435690,Casual||Dreams||Text based,https://lowsun.itch.io/memoraie,Fragment Jam,https://itch.io/jam/fragmentjam,None
,,,,0,jpkorin,https://jpkorin.itch.io,,,,,,,A farewell to games,NA,0,Windows,,,,,,,bitter sweet goodbye.exe||1 MB||||Windows,,Canceled,https://itch.io/jam/edc-random-idea-jam-2015/rate/17620,,https://jpkorin.itch.io/a-farewell-to-games,EDC Random Idea Jam 2015,https://itch.io/jam/edc-random-idea-jam-2015,None
,,,,456,Denaturatus,https://denaturatus.itch.io,Strategy,,,,,,Units of Might and Magic,NA,0,,,,,,,,Units of Might and Magic.rar||17 MB||||,,Canceled,https://itch.io/jam/tk-game-jam-2019/rate/375182,Fantasy||Local multiplayer||Pixel Art||PvP||Real time strategy||Retro||Tilemap based tools||Turn-based Strategy||Unity||Voxel,https://denaturatus.itch.io/units-of-might-and-magic,TK Game Jam 2019,https://itch.io/jam/tk-game-jam-2019,None
,,A few minutes,,2781,SirHandsomeJack,https://sirhandsomejack.itch.io,Shooter||Action||Survival,Keyboard||Mouse,English,,,,TTT.io,NA,1,HTML5,,,,,,,,,Canceled,https://itch.io/jam/50-prize-moddio-game-jam-vol-3/rate/312491,2D||Detective||Massively multiplayer||Minimalist||My First Game Jam||PvP||Short||Top down shooter,https://sirhandsomejack.itch.io/ttt-io,$50 Prize - Modd.io Game Jam Vol. 3,https://itch.io/jam/50-prize-moddio-game-jam-vol-3,None
,,,,54,Hyo,https://hyo.itch.io,,,,,,,FFFFFF,NA,1,HTML5,,,,,,,,,Canceled,https://itch.io/jam/dont-make-a-game/rate/395327,notagame||Short||Singleplayer||weird,https://hyo.itch.io/ffffff,Don't Make a Game,https://itch.io/jam/dont-make-a-game,Not a game
